Author_ID,Book_ISSN,Place_of_Publication,Year_of_Publication,TotalSales
513,49-444-3067,Tokyo,Bransom,$4036.74
1235,48-692-3093,london,Vany,$6416.65
3542,72-477-3333,New York,Brazil,$2120.87
35465,35-530-4634,london,Bedbrough,$1358.12
46213,94-849-8546,london,Huyge,$6932.50
3542,93-426-5021,Paris,McGarrahan,$8999.35
35465,33-224-6175,london,Fagence,
3641,84-600-4899,london,Bugler,$3400.09
513,95-131-8106,Tokyo,Tonry,$3697.04
963,39-798-4546,London,Papez,$7151.27
513,48-823-5710,london,Goodday,$2066.60
464,62-071-4694,toKyo,Davydychev,$2984.37
35465,87-510-4206,london,Glader,$5200.93
1235,91-986-1835,toKyo,Ilyas,$4205.33
35465,32-799-8432,New York,Paike,$5136.24
68545,52-702-0990,toKyo,Hacket,
68545,89-191-0935,Tokyo,Presho,$9800.47
3566,32-334-8456,London,Renzini,$9387.83
46213,31-261-9162,New York,Stanluck,$5999.72
35465,17-493-5490,NY,Joincey,$1085.85
35465,25-154-0149,New York,Hillett,$2115.70
3641,23-670-7684,London,Braime,$650.58
3641,14-742-9360,Tokyo,Stolli,$5388.69
6963,03-075-9829,london,Gisbye,$3512.06
2554,78-251-8731,London,Mattei,$8535.02
1235,16-568-4217,london,Michelle,$4584.66
55,48-262-4097,Paris,Cogar,$2121.94
513,12-441-4000,toKyo,Worley,$4255.60
6963,67-585-1927,London,Edmundson,$6496.43
55,41-844-7982,london,Dumphrey,$4403.22
3542,48-163-5859,london,Margiotta,
3566,04-826-7925,london,Mulran,$3503.92
3641,16-921-5643,Tokyo,Ballantine,$8773.30
1336,10-038-0749,Paris,Bartle,$1319.90
3546,19-784-0225,London,Bramer,$1534.99
68545,27-807-7199,New York,Allworthy,$6676.00
63468,76-745-5104,Paris,Crecy,$8983.25
6963,02-134-4195,Tokyo,Norbury,$4000.36
63468,63-942-0439,london,Backshall,$1500.13
3542,60-539-0568,toKyo,Buse,$7874.29
46213,67-470-6515,Tokyo,Darling,$3037.73
255,30-945-6102,Paris,Lomis,$1640.91
1235,65-442-1778,london,Veschambes,$9356.30
3542,97-715-1175,toKyo,Blench,$8488.45
68545,64-396-9734,Tokyo,Heggison,$3236.74
46213,56-646-3281,Paris,Rapelli,$1825.77
464,26-413-7331,london,Secret,$4486.00
35465,11-212-9421,London,Ramsdale,$4039.68
2554,62-097-5069,Paris,Derill,$3252.96
255,86-391-4170,toKyo,Dalliwater,$7475.24
6963,55-751-9058,Paris,Cossans,$957.63
464,67-829-9404,Tokyo,Westfield,$8625.37
963,28-107-9254,London,Fiddiman,$1945.31
6963,24-359-5029,Paris,Kenward,$4268.64
1235,63-805-8963,Tokyo,Bryenton,$5395.26
513,75-459-7618,London,Mayoh,$5499.59
68545,94-752-6511,London,Autrie,$7601.74
68545,49-457-4248,toKyo,Espinet,$3971.02
3546,92-857-9459,New York,Gresswood,$8442.99
68545,16-162-8804,NY,Farguhar,$6434.81
46213,87-722-3637,london,McCabe,$7043.66
963,32-107-4688,london,Foat,$7561.80
3542,39-115-4578,London,Westall,$8814.38
3542,46-151-4511,Tokyo,Papez,$8395.56
68545,01-746-3799,New York,Chessel,$3361.09
3546,63-026-1838,Paris,Roscamp,$3612.12
253,54-676-0513,Tokyo,Elis,$1747.78
3641,82-411-4695,London,Crookall,$3197.49
963,60-129-8870,london,Dummer,$3078.02
255,24-686-0245,New York,Petr,$7443.54
55,89-313-3280,Paris,Woodyeare,$957.23
35465,78-457-4098,NY,Curds,
464,29-766-4909,Paris,Nelson,$6770.89
1235,01-979-9610,london,Raikes,$3765.96
6963,55-797-7521,Paris,Moores,$788.78
63468,14-868-6370,toKyo,Ingham,$9703.87
3566,76-064-1576,NY,Niesing,$1064.44
3641,44-694-6953,Paris,Rubica,$8724.35
464,60-256-3107,New York,Commings,$9751.57
1336,50-466-2943,toKyo,Bysshe,$7415.71
963,30-245-7154,New York,Stollwerk,$7073.05
35465,61-848-1232,Paris,Masedon,$1747.03
6963,69-794-9440,Paris,Kettleson,$2401.59
3566,95-724-8586,New York,De Filippo,$6713.30
63468,05-117-0711,Tokyo,Speeks,$3261.75
6963,56-682-2992,toKyo,Cutforth,$2541.21
1336,45-049-5459,toKyo,Thomasen,$5568.73
46213,16-715-6469,NY,Salery,
3641,78-994-8573,toKyo,Wogden,$8165.85
464,46-771-3868,london,Bursnoll,$1647.17
1235,77-747-2511,London,Bompass,$3765.58
6963,96-667-8548,Tokyo,Parkyn,$5640.34
68545,97-604-9108,New York,Hise,$6581.63
1235,86-913-8459,New York,Steaning,$3170.86
2554,11-399-2812,Tokyo,Petkov,$4366.48
68545,28-852-6801,NY,Honnicott,$9214.68
1336,20-163-6706,Paris,Chellenham,$1416.51
513,93-763-2568,London,Barringer,$5572.63
255,53-989-6220,NY,Clevely,$1696.93
55,05-385-3167,london,Blaisdale,$6633.01
513,40-338-8951,New York,Ghelardoni,$7019.66
68545,58-134-6666,Tokyo,Hitscher,$6522.40
253,29-801-4590,NY,Delamere,$6354.79
55,72-092-0415,Tokyo,Huffy,$7913.44
464,27-758-4951,Paris,Joskovitch,$2480.42
3566,99-419-2133,toKyo,D'eath,$8655.97
1336,33-166-6876,,Olenchikov,
513,36-705-8784,London,Bereford,$1120.18
255,59-962-1042,Paris,Drummond,$1722.13
464,29-967-2521,London,Schulke,$8269.13
1336,81-213-5548,toKyo,Swetland,$4253.90
3546,58-994-9068,London,Nunn,$8517.17
55,39-971-0995,NY,Wakeford,
464,97-286-3657,Tokyo,Tomaello,$9458.95
3566,52-019-2947,New York,McMenamin,$757.16
963,07-455-1303,toKyo,Rivers,$5547.22
253,77-442-5323,Paris,Paute,$9707.15
46213,70-731-7203,NY,Clohisey,$7505.60
55,24-091-0503,Paris,Inworth,$6590.16
3542,02-725-7049,london,Wurst,$9222.94
55,79-072-2720,Paris,Briiginshaw,$5131.85
63468,27-849-0296,toKyo,Josey,$4567.74
464,17-389-9134,Paris,Schole,$4249.55
46213,33-465-9821,toKyo,Cawt,$9498.72
513,92-391-5214,Tokyo,Liepmann,$9979.72
3546,57-425-0546,London,Rattry,$2080.70
68545,91-945-4046,NY,Plaxton,$761.06
35465,84-842-9952,London,Eastwood,$4610.56
55,15-864-0861,New York,Di Nisco,$9939.86
6963,05-392-4462,toKyo,Larrad,$5271.69
3641,03-620-8457,New York,Jecock,$1097.97
1235,22-265-5232,New York,Rodman,$6799.63
458,75-420-2720,London,Waddilove,$881.24
464,19-347-2943,New York,Maypes,$9025.35
255,08-851-2037,london,Hakonsson,$8503.86
2554,65-551-7328,NY,Southgate,$7889.90
3566,84-949-0877,New York,Bogie,$3402.76
464,48-876-7016,NY,Moors,$4980.88
253,43-518-9477,london,Franzettoini,$4642.13
3641,81-487-1604,toKyo,Bayman,$2303.33
55,55-995-8555,Tokyo,Crighton,$3137.82
3641,49-300-0161,toKyo,Drewes,$8287.83
63468,40-530-0509,Tokyo,Alexsandrovich,$1706.13
458,11-733-1611,london,Turney,$4174.36
253,28-263-3618,NY,Housiaux,$6280.55
3566,95-455-3877,Paris,Ales0,$1898.23
1336,40-833-3018,Paris,Bremmell,$1017.59
963,10-629-3407,toKyo,Sweetland,$4476.45
68545,66-204-4068,London,Oaker,$8012.17
3641,27-784-8227,toKyo,Gallardo,$1414.04
3542,83-857-9910,toKyo,Brough,$8215.95
3641,09-185-7695,London,Pittaway,$3889.56
68545,15-829-3395,london,Vivash,$8359.85
3566,59-282-2542,New York,Vasyunin,$2879.09
1235,96-817-8568,New York,Mayoh,$8224.79
1336,98-297-3803,Paris,L'Episcopio,$4236.10
255,16-129-8667,NY,Lillo,$917.00
1336,31-526-9622,Tokyo,Mathewes,$9125.07
68545,17-286-1795,Paris,McGarrahan,$971.94
513,92-668-3007,New York,Gasson,$4903.34
6963,34-474-3597,Tokyo,Zuppa,$9542.30
3566,28-991-0361,london,Dollar,$7594.17
3546,01-915-9134,london,Maundrell,$1846.72
46213,93-594-7777,NY,Eakins,$2728.47
55,41-867-6746,New York,Beat,$9485.36
55,39-006-8996,toKyo,Ebbage,$2929.82
35465,01-221-2950,London,Jeffrey,$7558.96
3641,91-977-3814,London,Kenneford,$9686.46
458,84-325-7808,NY,Laurand,$3332.82
6963,32-186-9599,london,Tandy,$4701.53
464,40-985-5177,Tokyo,De Blasi,$5154.80
458,09-725-6686,London,Fulton,$9786.46
46213,47-475-5780,London,Twentyman,$6839.23
2554,45-212-3986,NY,Bradly,$2450.67
2554,03-464-8242,toKyo,Blackden,$1971.81
35465,85-972-1477,New York,Covolini,$8030.60
35465,38-904-6712,New York,Burdis,$7909.43
2554,18-495-9833,Tokyo,Ebourne,$4538.32
253,58-975-8851,New York,Pleat,$5193.86
255,61-719-3467,London,Rantoul,$9850.43
1336,29-812-8026,NY,Haine,$4568.91
253,89-193-7465,Tokyo,Cheale,$6706.14
1235,22-914-0807,NY,Jindacek,$8265.68
6963,38-247-0504,london,Flanaghan,$757.33
3641,53-091-0685,toKyo,Lusted,$1179.51
3641,64-852-1992,toKyo,Kalkofen,$6989.08
255,84-010-6392,NY,Liebrecht,$3049.38
3641,41-001-1641,Tokyo,Cardenoza,$3591.80
3641,72-750-8806,london,Simmonds,$5265.13
35465,63-415-3342,Tokyo,Houltham,$1862.20
2554,73-681-0049,toKyo,Sifleet,
55,83-711-3877,,Djurdjevic,$5736.19
3542,94-574-2094,toKyo,Sabathier,$8089.52
963,51-841-7764,london,Tunder,$3287.60
55,27-501-4086,New York,Chipchase,$6575.39
1336,11-029-7463,NY,Martinon,$1363.05
1336,35-816-4594,New York,Rowles,$7274.67
963,16-777-7712,Paris,Leivers,$1456.88
35465,92-438-8946,Paris,Wetherald,$2350.89
255,38-796-5964,London,Limbert,$5488.92
3566,49-010-0717,Tokyo,Darcy,$4904.43
63468,51-333-1204,Paris,Arthy,$3084.42
464,55-856-0300,NY,Winspur,$8116.15
6963,49-334-2455,toKyo,Whifen,$3606.24
3546,23-110-0371,London,Strathman,$5779.36
458,33-261-7937,NY,Nan Carrow,$8683.50
464,09-265-2969,Tokyo,Clunie,$7825.89
3641,67-258-9800,New York,Petrol,$3862.27
63468,19-938-8729,Tokyo,Pighills,$4625.66
464,99-226-7614,Tokyo,Cattonnet,$6514.66
255,78-026-2426,London,Kloska,$3191.85
2554,44-620-4585,Tokyo,Bambridge,$4882.82
464,80-808-5800,Tokyo,Troy,$5047.58
1235,34-631-4274,london,Kynett,$2748.44
3641,94-676-6330,New York,Chaman,$7281.63
3641,13-778-3335,NY,Nestor,$6056.83
253,61-168-0134,New York,Bockett,$2670.73
55,87-283-6637,london,Jahn,$9354.11
464,19-193-8173,toKyo,Hubbert,$6763.91
458,59-634-7152,london,Trenouth,$8988.09
1235,04-928-6502,Paris,St. Queintain,$4547.18
513,63-537-5741,toKyo,Clacson,$2217.58
513,27-880-0257,New York,Boscher,$3735.01
3641,96-917-1024,toKyo,McGibbon,$7104.73
253,92-942-4384,Tokyo,Tanby,$1943.10
63468,65-857-5511,london,Braham,
1235,70-909-9467,London,Espinazo,$2816.16
253,55-716-0977,NY,MacKowle,$3727.33
464,34-990-6058,toKyo,Hake,$1805.34
3546,63-845-4735,Paris,Heffernan,$8892.20
6963,74-804-6098,Paris,Mularkey,$1921.54
963,71-557-9284,Paris,Gile,$741.26
3641,11-621-9047,Tokyo,Aulton,$7753.04
255,42-437-1538,New York,Rushmer,$6326.27
458,99-995-4260,London,Kubiczek,$8410.97
68545,65-804-1137,London,Barcke,$1693.47
253,43-365-8648,New York,Jentin,$5149.97
63468,99-765-7214,london,Bettesworth,$7366.10
963,72-139-9258,toKyo,Shutle,$988.45
3546,65-066-5892,london,Quinton,$4220.19
253,18-838-4037,NY,Aviss,$9584.09
1336,79-510-3117,toKyo,Fairnie,$2621.60
63468,06-940-7137,london,Gouthier,$4202.53
3641,79-281-1586,NY,Brideau,$8646.16
458,18-839-1113,toKyo,Rowter,$2285.30
35465,95-827-3185,NY,O'Hern,
3546,71-354-3534,Tokyo,Coughan,$5203.63
3641,26-394-2131,toKyo,Teliga,$6557.34
3566,65-583-1362,toKyo,McGhie,$5311.03
513,04-899-2440,london,Jeves,$4663.63
458,46-002-9884,New York,OIlier,$5648.42
3546,83-395-2794,london,Ridoutt,$5389.37
255,35-523-6039,toKyo,Cuberley,$8813.55
3566,88-302-9138,NY,Sola,$1255.49
3566,24-623-5265,,Jurries,$8627.73
464,54-330-7493,Tokyo,Hughs,$3600.68
1336,83-004-2583,Tokyo,Snowsill,$8136.23
253,14-885-3112,New York,Dunston,$8648.53
464,35-790-5649,London,O'Doogan,$2357.74
963,46-766-3821,toKyo,Clitheroe,$4061.40
1235,54-445-4270,New York,Jurgen,$8307.15
255,89-082-5802,NY,Pykerman,$5175.13
6963,38-508-4345,NY,Vasnetsov,$7582.99
464,40-342-2100,london,Adamides,$9599.07
6963,24-387-6975,Tokyo,Todd,$2937.69
963,84-036-9248,NY,Bale,$3889.57
513,01-279-5183,london,Storek,$9026.36
55,32-590-6733,london,Tuther,
464,01-758-4973,NY,McBeth,$9319.49
3641,13-701-8773,Paris,Reyne,$5625.81
55,55-200-7514,New York,Royan,$2088.47
3542,24-285-5386,New York,Scneider,$4799.39
3546,71-720-5581,NY,Davids,$8966.44
6963,60-421-2734,london,Jenken,$8839.39
46213,63-796-9004,london,Bein,$8056.75
255,13-747-1781,London,Deerr,$3376.55
1235,33-368-6701,Paris,Vigietti,$9327.45
963,73-379-9927,Tokyo,Ellesworth,$9916.19
253,19-421-4212,NY,Di Napoli,$9886.77
46213,57-860-1009,New York,Commander,$8344.71
2554,64-814-1261,toKyo,Deneve,$8836.13
55,96-928-6039,London,Llewelly,$4811.32
55,03-072-6969,Tokyo,Rippingall,$9765.59
1235,94-993-7222,Paris,Breukelman,$6248.00
2554,41-053-7999,Paris,Brosnan,$2995.24
6963,88-872-8801,,Coggeshall,$1464.65
63468,89-101-8547,NY,Mahody,$3043.32
1235,00-805-1246,Tokyo,Gavahan,$8852.60
63468,93-022-6190,london,Rubinlicht,$2690.12
63468,09-275-4469,NY,Clarey,$5849.42
458,15-107-9133,London,Dumbreck,$3964.95
253,52-417-9114,NY,Usher,$2449.79
253,06-187-6309,Tokyo,Hanalan,
253,63-455-5310,toKyo,Cornwell,$8110.63
513,06-782-7464,london,McGaughie,$6807.84
63468,62-644-0104,London,Greeveson,$3146.42
963,18-157-3526,Paris,Timperley,$7867.53
3542,84-825-8062,London,Spoerl,$2568.95
255,63-820-3980,Tokyo,Letts,$903.82
46213,28-573-1198,Paris,Sarton,$1792.34
1235,62-855-0761,toKyo,Mariette,$7118.44
963,78-623-0307,London,O'Hannen,$4098.37
46213,56-895-8708,london,Scrancher,$7361.08
55,14-124-2684,London,Edwin,$1817.02
255,22-722-1657,New York,Lisamore,
3546,66-126-3492,London,Argont,$9181.04
3542,81-354-7194,Tokyo,Middlemist,$987.81
3566,14-131-1931,New York,Cornwell,$3537.75
963,76-576-4995,london,Carey,$3957.55
6963,57-436-4426,NY,Shrimplin,$5790.46
35465,85-001-3474,Tokyo,Madner,$6532.72
513,14-352-2992,toKyo,Urquhart,$6047.25
63468,16-901-7300,NY,Dungate,$7679.14
3542,83-375-8627,Paris,Jewsbury,$9247.24
253,20-878-3224,New York,Atterbury,$7676.68
963,13-352-6353,Paris,Kermit,$3298.43
6963,46-762-2871,Tokyo,Wakerley,$759.83
68545,05-746-4550,london,Keyser,$3072.08
35465,78-299-1575,London,Yarnall,$8023.79
46213,87-685-5201,New York,Dovinson,$4307.90
6963,14-283-1462,toKyo,Chatband,$4331.30
255,62-146-0295,toKyo,Mitten,$9508.53
963,52-842-3433,New York,Bockman,
3641,42-472-4536,New York,Copes,$8882.94
46213,59-657-0600,toKyo,Jamieson,$1978.05
6963,35-963-0308,london,Medforth,$4529.50
458,45-698-6506,London,Jellard,
1336,75-625-6808,london,Larenson,$9630.43
68545,32-326-5251,London,Setterthwait,$6524.79
46213,11-002-7097,Tokyo,Syphas,$8181.61
3566,28-942-9201,Paris,Northrop,$6247.70
35465,55-806-1271,Tokyo,Haug,$9993.99
6963,23-541-1683,toKyo,Isworth,$7195.15
513,70-485-9692,toKyo,MacGlory,$1538.22
46213,12-900-2033,toKyo,Swinburn,$9127.65
35465,27-067-8711,NY,Sumption,$9313.47
458,96-876-8303,london,Bannon,$7431.87
3641,91-672-4337,toKyo,Bruckner,
68545,92-826-2028,toKyo,Geindre,$8929.39
3546,35-497-0144,london,Gilchrist,$1979.47
68545,51-272-1715,New York,Sends,$4835.79
55,28-756-0100,New York,Authers,$1326.10
35465,75-689-9352,London,Doyle,$6649.58
253,74-146-5931,Tokyo,Bloan,
458,40-573-3844,London,Wolpert,$8848.08
68545,77-252-8870,toKyo,Beeze,$686.59
3566,31-526-4662,london,Hamber,$9503.24
253,72-591-6511,toKyo,Himsworth,$5029.34
1235,55-251-7538,Tokyo,Borer,$1583.76
3566,45-311-6438,New York,Stoter,$9701.81
255,62-934-6822,Paris,Abrahamsen,$6847.79
458,11-877-5169,toKyo,Buck,$2723.56
46213,29-484-3926,New York,Fewster,$1264.23
68545,59-178-3681,London,Stoller,$3688.39
3542,54-695-6947,toKyo,Mayoral,$9894.50
55,03-030-3903,NY,Stefanovic,$8703.03
963,32-915-1462,london,Gaymer,$1781.13
35465,71-909-7139,NY,Pudner,$2742.80
963,09-277-1587,Tokyo,Eronie,$4033.15
46213,16-259-7521,London,Tuckwood,$7680.30
35465,26-264-7096,London,Waterstone,$3708.25
55,78-693-6596,NY,Hannum,$1217.00
35465,86-039-9953,NY,Handslip,$7028.46
68545,07-257-0120,london,Barkley,$3940.14
3542,49-158-6839,Paris,Brose,$5423.55
3641,74-555-9350,london,Scatcher,$8644.77
46213,91-173-7936,Tokyo,Meeland,$9750.84
3542,83-923-4751,toKyo,Myrie,$6815.18
3566,24-780-7561,Tokyo,Ferrea,$9843.20
458,98-169-3986,london,Irlam,$5624.02
513,08-073-9486,Paris,Larway,$9288.88
1336,00-014-5924,Paris,Power,$7626.43
513,84-831-3020,london,Denisard,$9183.37
3566,90-784-7728,New York,Divall,$5457.43
1235,43-481-4957,Tokyo,Ortiger,
963,57-933-6211,toKyo,Dwelling,$6758.37
3566,94-905-1635,Paris,Helliar,$3829.92
513,34-538-0488,toKyo,Rupke,$4356.42
1336,27-707-6666,Tokyo,Farnie,$2895.16
255,09-063-3147,Paris,Lyard,$1084.35
963,57-688-1962,london,Ruben,$4593.67
253,72-546-7574,NY,Semmens,$9086.79
3546,77-214-5614,London,Beamish,$6399.73
55,73-026-0011,New York,Haughey,$8273.47
464,36-116-8309,Paris,Mottini,$3097.91
68545,81-645-8884,Paris,De Matteis,$3742.61
963,98-487-3921,Paris,Bolduc,$6434.41
46213,58-418-2429,London,Yurchenko,$8067.57
1336,24-116-7726,New York,Philip,$8408.61
46213,56-532-3367,toKyo,Soppit,$6113.25
1235,23-573-7861,london,Rapport,$997.36
3542,06-523-7580,NY,Jira,$8068.03
513,97-692-9011,Paris,Houseago,$4419.21
2554,33-842-2285,Tokyo,Muro,$3865.07
1235,97-854-7130,NY,Milne,$7059.89
464,95-350-3972,Tokyo,Joliffe,$4949.72
255,66-770-6908,toKyo,McKomb,$6941.89
1235,41-891-0441,London,Poletto,$8484.29
3641,01-888-2403,NY,Turone,$6372.16
253,03-445-2499,Paris,Wainwright,$9761.52
963,60-086-3522,toKyo,Meaders,$4644.12
1235,51-178-3152,NY,Belbin,$4467.80
1235,67-629-2106,Paris,Cattach,$9863.56
963,61-322-5118,New York,Purple,$8766.91
1235,37-038-4768,NY,Robottham,$5791.10
68545,33-048-0878,London,Lehon,$8571.33
35465,37-137-7580,London,Bum,$5645.31
464,59-614-4121,Tokyo,Rozier,$7946.88
1235,98-337-6346,London,O'Hartagan,$1096.67
3546,35-949-0344,NY,Beton,$6702.93
458,11-947-5592,New York,Simecek,$816.02
55,91-814-8465,london,Tolomelli,$3270.21
3566,41-276-4042,Tokyo,Stronghill,$6334.45
1235,37-241-3321,New York,Sidworth,$5639.89
3542,75-905-5239,NY,Dengate,$5844.18
3542,36-781-1400,New York,Louche,$1721.64
255,41-576-4138,toKyo,Buske,$6252.57
458,56-034-2789,Paris,Kenwright,$3195.28
55,31-452-6059,London,Spurrior,$8798.87
2554,26-114-7755,New York,Tarply,$2899.16
255,48-459-2937,Tokyo,Boobier,$1647.35
63468,60-253-8792,New York,Lifsey,$1073.63
253,91-789-5202,Tokyo,Moon,$3903.36
1336,74-112-9209,NY,Dinzey,$6748.27
6963,07-955-4880,Tokyo,Beretta,$5113.31
46213,03-239-1711,london,McKennan,$4215.40
464,90-393-5277,London,Bridgett,$2047.83
1235,15-630-1996,New York,Kester,$3549.08
46213,70-236-2900,toKyo,Binham,$1229.78
3542,27-925-1777,toKyo,Menzies,$3141.38
2554,04-900-3839,london,Beckingham,$3104.40
963,44-113-8931,Paris,Licquorish,$3944.30
35465,24-630-7239,NY,Dimmer,$9255.19
963,52-797-6005,toKyo,Mabbitt,$2824.53
1235,47-403-6721,NY,Welfair,$4854.03
2554,65-838-3416,London,Richmont,$7321.45
963,82-468-8779,New York,Theodore,$6935.47
35465,08-488-4507,london,Wahncke,$5650.33
3542,38-696-1294,New York,Guion,$3789.49
3641,97-232-9649,New York,Hucks,$1028.10
68545,15-841-5670,Paris,McKeaveney,$8223.19
55,76-980-5235,NY,Trodler,$7199.40
3641,33-680-2601,london,Scutter,$7394.90
2554,47-834-0070,Tokyo,Nutbeam,$2647.06
35465,47-731-6307,toKyo,Attock,$3998.31
35465,87-877-8959,NY,Currier,$1977.74
253,75-204-2175,Paris,Ricco,$8080.84
46213,98-464-2605,Paris,Monteaux,$799.04
3542,71-847-6856,london,Biasini,$6290.39
46213,61-642-2545,london,Kytter,$6318.45
3641,80-495-2470,New York,Tindall,$4595.60
35465,73-742-4606,NY,Pancoust,
35465,47-444-7518,NY,Sainer,$3066.98
464,50-699-7261,Tokyo,Parkyn,$8176.91
253,34-643-5969,toKyo,Wileman,$1556.58
3566,70-483-1363,New York,Keirle,$7728.32
46213,05-260-3806,toKyo,Phebee,$5639.95
3641,91-025-6951,toKyo,Fifoot,$2458.52
464,44-916-8675,toKyo,Canfer,$9994.72
6963,70-995-6796,New York,Hessle,$5220.61
3566,16-875-2676,London,Klementz,$6653.37
3546,31-454-2938,New York,Hauxwell,$7667.41
55,53-735-4791,Tokyo,Valenta,$9248.21
35465,99-226-7599,london,Cubitt,$4552.12
68545,20-750-6785,NY,Finkle,$9690.05
458,16-023-6352,london,Gluyus,$2030.13
513,99-670-5199,london,Thorne,$5527.78
55,99-780-9670,Tokyo,Boldt,$3162.97
46213,75-128-7198,london,Huffy,$7956.70
68545,44-525-9209,Tokyo,Longwood,$7939.18
3542,91-267-5534,Paris,Pedgrift,$8649.02
253,58-665-3451,New York,Nazer,$2068.54
3641,64-356-4459,London,Blase,$9708.37
1235,11-856-6011,Paris,Aish,$6183.27
963,52-802-2474,london,Umney,$4923.11
68545,81-272-0680,London,Sancias,$928.22
46213,22-482-6843,Paris,Buzek,$3719.49
55,78-856-1187,toKyo,Pelerin,$8585.07
63468,45-720-9451,Tokyo,Depka,$3726.67
464,49-474-7405,NY,Keppe,$1240.95
63468,51-597-2976,Tokyo,Zuenelli,$9258.23
2554,68-882-9429,london,Shedden,$8726.90
513,94-434-5267,London,Pilsbury,$7411.47
1336,02-856-9785,London,Niave,$7199.64
55,55-041-4886,london,Manz,$3567.78
3542,19-942-9274,toKyo,Poncet,$5147.39
513,82-319-0231,Paris,Clowser,$9830.50
458,55-638-3359,NY,Bissex,$2598.68
35465,47-006-9614,NY,Skippon,$9470.57
253,36-350-2776,london,Cowle,$3116.58
3566,19-296-9199,New York,Noah,$5769.76
963,79-126-3916,NY,Staddart,$750.16
6963,55-449-4479,Tokyo,Ruppele,$4021.80
1336,10-883-7430,toKyo,Robbins,$1050.42
963,86-903-7500,Tokyo,Jaffra,
2554,84-959-7175,Tokyo,MacCollom,$8791.52
513,29-328-5855,toKyo,McFee,$7347.76
3546,57-519-0190,london,Bergen,$7195.72
3641,09-017-8931,toKyo,Doerffer,$9960.79
464,14-499-1563,toKyo,Girkins,$8492.13
55,89-844-7362,New York,Surmeyers,$1668.39
255,97-597-7459,,Hebbes,$9490.55
2554,08-149-1169,Paris,Pillington,$9996.93
253,96-410-0756,,Castellino,$1917.96
3542,92-481-3150,Tokyo,Dugmore,$9983.43
3641,79-903-8035,Paris,Wilkowski,$1112.87
464,26-136-8328,Paris,Cowe,
1235,93-045-9995,,Skaif,$7192.11
35465,87-212-1274,London,Ianizzi,$8176.13
1235,72-290-7505,toKyo,Farn,$2430.29
1336,00-477-2913,New York,Munt,$4374.60
46213,44-175-5703,toKyo,Skellern,$6598.40
513,75-155-5976,NY,Jerche,$2509.66
1336,64-553-9094,london,Willishire,$3985.44
3546,73-927-9857,toKyo,Westmacott,$1186.51
2554,56-216-3997,Paris,Lemary,$5056.77
1235,21-166-4614,Paris,Spelling,$3353.30
458,63-826-7332,New York,Twidale,$6659.65
963,76-221-7157,Paris,Challiner,$8623.29
513,70-840-3110,london,Ridgewell,$5030.04
3566,84-516-5704,Paris,Quickfall,$2924.14
2554,15-332-2859,Paris,Scruton,$6611.44
35465,04-960-9168,Tokyo,Dyde,$3110.41
6963,24-113-3089,New York,Cullerne,$5222.39
3641,16-704-1315,New York,Coldbathe,$7127.46
3641,47-903-0777,London,Rounding,
253,28-458-3779,Paris,Sullens,$857.46
2554,76-899-0246,Paris,Wickmann,$5044.55
3542,09-869-2459,London,Gregoli,$3607.66
63468,97-769-6576,toKyo,Birchwood,$6091.55
1336,78-372-4681,London,Trout,$9442.21
3566,19-545-7603,london,Paling,$7840.70
253,43-590-4172,,Banfield,$1616.94
255,67-164-9843,london,Kubala,$7917.61
55,45-520-2490,Paris,Mulleary,$789.41
35465,18-173-0475,Tokyo,Tarborn,$8624.39
6963,93-732-8646,London,Crab,$8266.30
3542,41-725-2256,Paris,Filewood,$6079.06
458,22-671-3116,toKyo,Oldknow,$1475.63
63468,63-088-8305,NY,Esel,$4479.44
464,84-349-1349,NY,Greenfield,$5175.40
253,77-644-4830,London,Haldane,$1970.86
464,90-404-0540,Paris,Herion,$9661.91
963,04-428-1202,london,Hinks,$3104.85
3546,57-010-3107,London,Marl,$3428.96
68545,00-368-5104,toKyo,Micallef,$1929.81
3641,17-707-0063,Tokyo,Dudman,$9334.40
68545,32-953-2466,Tokyo,Ravenscroft,$9535.64
3546,16-105-7895,london,Wildt,$5505.84
963,22-231-8096,london,Piche,$4829.66
963,40-800-5077,New York,Lie,$816.53
46213,92-838-7781,London,Hail,$8365.36
3542,45-562-6194,Tokyo,Bothen,$5875.03
35465,76-376-3744,Paris,Mitchley,$6449.14
6963,64-899-9138,toKyo,Witchalls,$8087.86
1235,26-402-8799,New York,Jorry,$3866.43
3566,42-041-0143,london,Southward,$4294.48
46213,21-547-7618,toKyo,Morton,$6631.28
963,55-772-2948,New York,Size,$7498.92
35465,69-722-1096,NY,Kisting,$7728.73
63468,38-766-8543,London,Haxley,$1211.85
6963,65-357-5969,New York,Morley,$2179.20
464,29-437-5187,Tokyo,Wykes,$8973.99
3542,46-694-2306,NY,Halpin,$4875.09
3641,06-389-5741,Tokyo,Hanniger,
963,42-105-2073,Paris,Aspray,$8710.74
1235,70-258-2111,New York,Guilloton,$5740.51
464,22-097-9234,london,Coldridge,$6034.31
46213,82-667-5661,Tokyo,Samme,$7390.28
2554,95-585-8994,Tokyo,Brundall,$8611.84
513,94-130-3347,london,Kennham,$1582.47
1336,86-818-1236,Tokyo,Inott,$9766.72
3542,53-216-0808,Paris,Edworthye,
63468,98-730-7898,Tokyo,Digance,$9265.84
255,14-962-0744,Paris,Prugel,$4991.38
35465,30-523-0535,Paris,Rawll,$3044.45
35465,13-453-1053,Tokyo,Gutowska,$9391.28
63468,06-136-9510,Tokyo,Ansill,$2064.86
458,58-081-1426,Tokyo,Heggs,$8813.70
68545,82-450-9213,New York,Collick,$8055.53
3546,88-081-4876,Tokyo,De Paoli,$3825.15
3546,71-745-0832,Tokyo,Lymbourne,$4140.23
255,01-319-8567,Tokyo,Spurrier,$2395.84
255,29-621-5327,london,Winslet,$1395.86
464,05-314-3714,London,Brookwell,$4149.89
255,82-071-7920,London,Cockshutt,$8701.15
68545,47-175-9869,NY,Franzoli,$6023.72
253,97-520-8364,Paris,Copeman,$4438.68
963,13-422-1741,Paris,Blare,$3383.91
55,40-259-0259,NY,Menaul,$2746.53
513,73-453-6413,Tokyo,Gerish,$9581.56
1235,77-110-3062,NY,Node,$4504.17
2554,44-860-9090,toKyo,Sendall,$5326.74
55,14-734-0000,toKyo,Cargill,$6679.69
464,75-811-9057,NY,Hindge,$2014.38
458,52-388-2343,london,Carse,$5665.41
68545,42-091-3857,toKyo,Lillicrop,$967.79
1336,88-145-3131,london,Celle,$6916.68
55,62-531-6673,Tokyo,Thompkins,$4035.10
458,98-762-7491,london,Llewelyn,$4769.16
464,48-065-1711,New York,Guidotti,$3171.82
1235,50-941-1874,New York,Delle,$7141.92
55,03-398-0046,Tokyo,M'Barron,$6959.57
55,15-971-4959,Paris,Brandone,$4594.68
1336,09-517-7757,toKyo,O'Nolan,$3676.62
3542,26-315-3291,NY,Roscher,$3533.02
3546,08-133-4246,Paris,Glavis,$8236.99
963,74-112-6206,Paris,Baldick,$5838.05
3542,39-300-8363,Tokyo,Brabbins,$3436.54
963,92-137-3178,New York,Shervington,$7091.42
464,82-967-9365,New York,Galland,$2578.04
3542,94-835-5099,Paris,Dreigher,$1639.64
63468,89-680-2074,London,Merryfield,$1896.35
1336,07-043-5449,london,Glenn,$5251.97
253,95-622-3710,New York,Crenage,$3357.63
255,08-540-9416,toKyo,Cornil,$3393.79
35465,04-826-9676,Paris,Hainey,$1635.36
458,17-484-9602,NY,Andrasch,$8889.09
3546,98-367-5059,toKyo,Kryzhov,$6295.08
253,69-553-8654,london,Amery,$7963.84
55,78-072-4045,toKyo,Choppin,$5420.86
6963,85-325-0285,NY,Kenafaque,$755.68
2554,54-060-3166,Paris,Wolfinger,$8289.45
68545,04-268-2575,New York,Phripp,$4106.15
255,68-533-3361,toKyo,Goreway,$4408.71
255,76-403-7651,london,Mordanti,$1390.18
6963,78-348-0509,NY,Dominichelli,$3006.49
46213,86-074-7833,NY,Shatliff,$4196.47
253,01-584-2650,NY,Zorzin,$2495.75
963,53-690-4161,london,Shenley,$7087.42
253,30-923-6977,london,Thominga,$3234.22
963,15-882-1918,toKyo,Zannotelli,$3564.14
3546,67-080-9808,London,Delamere,$3705.31
1235,31-239-0007,New York,Mattson,$4700.11
3641,95-108-2240,toKyo,Swift,$8374.85
3641,61-886-2997,Paris,Keyzor,$8578.85
458,07-007-7763,london,Eede,$8402.64
2554,17-445-6661,toKyo,Saulter,$6814.98
3566,65-544-0327,New York,Frango,$2817.78
253,40-741-9072,london,Drysdell,$9214.34
3546,43-503-8153,London,Risom,$4812.01
3546,99-582-4096,toKyo,Wrathmell,$7444.60
68545,02-409-5058,toKyo,Cartmill,$936.49
55,73-024-1135,New York,Risen,$9361.83
2554,26-640-7039,London,Sayton,$4558.61
3546,46-857-8940,toKyo,Prator,$1731.64
1336,94-086-3392,toKyo,Bridgman,$2634.54
255,39-697-3525,toKyo,Rosina,$2693.93
6963,23-496-1158,toKyo,Pink,$6681.60
464,41-429-1759,toKyo,Prebble,$7153.78
2554,95-884-2402,New York,Hasser,$1903.47
63468,79-371-7840,london,O'Dyvoy,$1439.45
1235,96-495-9996,toKyo,Metson,$897.51
963,26-796-9443,NY,Grasha,$8254.17
3641,67-849-8187,london,Dorant,$3582.15
513,17-963-9328,london,Ware,
458,13-855-7002,london,Lias,$6851.43
55,27-663-1133,,Dodge,$1326.78
3542,02-489-3753,New York,MacMenamin,$8343.12
1235,12-281-4368,london,Sans,$6988.80
2554,80-581-3562,Paris,Shuttle,$8624.24
63468,96-806-9140,Paris,Kemster,$1193.45
46213,59-071-0175,toKyo,Boick,$9912.41
46213,05-265-8534,London,Kelshaw,$2877.37
63468,97-318-4660,toKyo,Reneke,$752.80
3546,43-416-2024,toKyo,Hast,$2159.89
68545,50-738-3707,london,De Malchar,$8202.45
55,47-233-7517,NY,Kunc,$3534.23
1336,76-249-3624,London,Hurch,$4114.26
513,16-504-9218,toKyo,Legrand,$7775.18
3566,17-604-9014,New York,Martygin,$1391.99
2554,71-738-1209,Paris,Shergold,$3943.08
46213,84-705-2028,Tokyo,Greenwood,$4227.49
55,67-831-5624,New York,Webberley,$5138.57
3641,04-469-6689,london,Billyeald,$4230.86
63468,15-344-4737,New York,Fell,$4438.61
55,96-686-9315,toKyo,Douche,$7820.68
3542,07-958-4806,NY,Fiddler,$2770.36
1235,16-544-7285,toKyo,Harkins,$3463.54
3546,62-041-2426,London,Goalby,
1336,76-958-1946,london,Bainbridge,$3195.52
35465,91-931-5624,toKyo,Dumbar,$6480.82
2554,90-907-8255,Paris,Helsby,$3644.12
458,84-115-9507,london,Romero,
68545,02-259-2872,london,Lello,$8324.45
3641,73-516-2630,London,De Goey,$9642.12
963,65-042-8864,toKyo,Cotton,$1143.81
35465,05-998-8057,toKyo,Seyler,$8527.71
513,51-611-1331,NY,Risen,$1530.10
963,30-088-9820,New York,Ellcome,$2872.53
513,67-031-8021,london,Busch,$8605.33
46213,40-114-9652,NY,Sharrier,
68545,10-731-6007,Paris,Stell,$7178.36
3546,03-851-9003,NY,Ravel,$2327.07
55,25-964-7791,Tokyo,Mabbitt,$1727.81
55,78-583-7415,london,Donoghue,$9880.11
255,10-013-6789,london,Seedman,$8529.66
3546,03-789-7767,Tokyo,Pollastro,$8816.53
3641,11-706-6400,Paris,Burlingame,$6724.69
458,83-482-5285,Paris,Waugh,$2818.80
253,96-104-3806,Tokyo,Blampied,$885.86
3542,88-306-0121,Tokyo,Getch,$5550.71
3546,40-060-1433,London,Hollingsby,
3542,30-158-0616,London,Bonifas,$9042.80
6963,02-545-6964,toKyo,Flory,$7649.97
46213,32-372-9802,london,Bidnall,$8375.74
46213,59-927-3131,New York,McCullough,$3417.13
35465,79-052-3189,NY,Treneman,$4025.09
3546,35-360-6322,london,Bloan,$7826.60
1336,04-342-8754,london,Leebeter,$4319.42
6963,86-290-7608,london,Balderson,$5004.27
35465,77-033-1167,London,Ions,$7276.88
3641,20-445-3148,London,Lauthian,$6558.45
3641,54-142-9900,london,Toby,$8007.04
2554,24-668-0903,London,Aspinall,$3156.64
35465,50-721-5978,NY,Arnoud,$9057.40
963,74-046-2796,toKyo,Dalziel,$2237.57
1235,04-658-0957,Tokyo,Gemlbett,$2957.91
3542,84-121-8425,london,Tuberfield,$7451.96
2554,40-605-6709,New York,Sibbert,$3692.74
255,69-238-4544,London,Bennedsen,$1183.83
1235,69-710-3696,Paris,Chaytor,$7045.34
55,50-297-0627,london,Gregoletti,$8242.76
464,18-124-7731,New York,Dowsing,$2205.73
3641,52-477-0433,toKyo,Sponer,$7369.36
3566,51-761-8302,Paris,Coraini,$2829.22
6963,71-015-0223,New York,Boardman,$4594.68
55,66-342-1593,london,Aaronson,$8626.75
963,20-971-8133,NY,Blanckley,$8622.42
68545,78-626-8352,NY,Schoenleiter,$8711.17
68545,25-952-8180,london,Teliga,$909.74
2554,79-557-8769,Tokyo,Oakeshott,$6660.43
1235,34-841-4780,london,Eidelman,$7639.31
3542,75-012-2553,London,Dumpleton,$1639.87
46213,12-862-2396,Tokyo,Cogley,$8671.80
46213,69-394-1390,London,Lloyd-Williams,$9566.24
1235,08-817-5253,New York,Brogiotti,$5808.40
6963,37-851-8572,NY,Bohl,$8809.37
255,06-632-8411,Tokyo,Werendell,$6933.65
1336,80-124-6463,Tokyo,Aldwich,$9616.53
46213,07-563-4192,toKyo,Bayldon,$6279.94
255,13-698-7192,toKyo,Franzettoini,$1160.60
3542,73-919-3137,Tokyo,Woolvett,$4833.70
255,40-860-7192,New York,Muzzullo,$6140.95
3566,21-515-1140,New York,Jaquest,$1533.07
3566,73-271-1625,Paris,Klein,$3688.49
458,87-469-3351,london,Dewsnap,$1537.13
1336,60-845-0275,toKyo,Bernardelli,$2345.79
63468,99-184-2339,toKyo,Klaesson,$2528.35
3542,57-319-2904,NY,Schouthede,$8445.52
458,17-245-0486,london,O' Mulderrig,$3562.38
255,60-862-1901,London,Beausang,$4445.49
2554,64-825-0655,toKyo,Cromblehome,$3742.58
963,20-221-5134,NY,Gippes,$7095.70
513,97-282-4019,London,Rippingall,$1173.57
6963,64-453-2845,toKyo,Arzu,$2324.03
513,41-644-3649,toKyo,Doxey,$3933.99
513,58-654-3542,London,Cordet,$3173.39
2554,70-313-9747,Tokyo,Backshaw,$6060.36
3641,29-757-3498,New York,Blazewicz,$9493.63
46213,48-584-0942,Paris,Corkan,$4489.06
68545,92-208-0788,toKyo,Andrick,$4616.78
6963,60-482-6511,Tokyo,Weld,$3278.67
963,01-282-2394,Paris,Benedite,$8503.44
55,16-266-8500,Tokyo,Haslewood,$7282.10
3546,84-769-2208,NY,Eagland,$5510.12
2554,18-368-9069,toKyo,Stadding,$8061.97
46213,88-805-4824,toKyo,Kniveton,$2636.07
3641,79-608-2971,toKyo,Baylay,$3102.92
2554,56-545-8467,NY,Playden,$4080.34
464,07-771-5594,London,Stanes,$2479.28
458,67-923-0450,NY,Rupke,$8911.67
2554,85-543-6289,New York,Larvin,$5533.58
3546,81-718-4624,toKyo,Gilham,$3924.52
68545,56-920-6291,NY,Drejer,$4950.65
2554,80-728-4288,New York,Chitter,$7524.98
3641,78-084-7606,New York,Penberthy,$3956.96
1235,45-457-3433,London,Bohman,$954.20
35465,29-452-1193,New York,Cristofvao,$2436.87
55,17-662-1486,toKyo,Raiker,$9968.78
68545,72-792-6326,Paris,Dealey,$2684.73
513,22-399-0842,New York,Tointon,$7432.74
255,57-263-8113,,Bronot,$6975.60
6963,83-442-2769,Paris,Chesher,$2464.00
458,83-567-1690,london,Carroll,$5132.12
68545,74-318-7208,Paris,Marginson,$8660.20
3542,15-064-8208,Tokyo,Bickell,$3700.63
2554,82-220-2107,Paris,Jasper,$4578.98
35465,26-659-9989,Tokyo,Tack,$8851.41
68545,05-462-9240,toKyo,Millard,$8932.55
55,90-797-0026,New York,Caro,$9486.42
63468,50-414-1846,London,Kleimt,
3542,61-148-8984,New York,Lockyear,
2554,56-192-4862,New York,Varlow,$3156.63
3641,71-749-7353,New York,Leckenby,$2170.26
3641,08-936-5611,toKyo,Calbert,$8594.85
6963,16-269-9077,London,Baudacci,$5874.62
63468,60-577-1505,London,Cromblehome,$9015.54
3546,21-258-0637,Tokyo,Goodhand,$3233.80
3641,14-932-1537,Paris,Marre,$8880.33
963,04-971-3390,New York,Casiroli,$7737.80
464,75-237-7318,toKyo,Doree,$6117.20
3542,98-763-3065,New York,Pharaoh,$2306.06
35465,30-308-6557,New York,McIlvaney,$9690.08
3546,06-634-5706,Paris,Hammett,$5525.61
3546,45-000-7587,Paris,Hobben,$7483.25
3542,34-752-0307,NY,Soal,$644.79
3566,54-354-6692,london,Cottem,$7332.65
458,76-680-2361,,Dantesia,$7438.66
1336,36-718-1579,Tokyo,Raffels,$1200.02
6963,61-640-5972,New York,Gorger,$2214.14
3542,90-802-7508,New York,Barcke,$8609.42
1336,09-201-0441,Paris,Van Oord,$4382.78
464,37-839-9394,London,Broker,$8867.70
68545,06-913-3290,Paris,Mersey,$6112.22
63468,87-841-0230,Paris,Deegan,$6703.44
35465,39-738-9981,Paris,Simond,$2231.63
963,92-299-5612,New York,Coulter,$9060.11
55,64-609-2493,London,Morde,$1449.67
68545,56-840-0356,New York,Gillies,$5813.84
55,81-198-8466,london,Verheijden,$2440.90
6963,22-501-2753,London,Yakovitch,$8180.24
63468,99-307-3646,London,Baskwell,$3373.95
63468,24-962-1087,NY,Brodeau,$8543.18
2554,38-855-4039,london,Asaaf,$6053.23
458,25-044-0566,NY,Chevin,$4874.90
255,98-090-1542,London,McCullouch,$3678.62
458,00-447-2692,NY,Mithon,$7449.95
1235,21-796-2843,Tokyo,Munkley,$6566.27
35465,59-246-3702,london,Myrkus,$3659.49
68545,17-286-1428,Paris,Flament,$9663.37
63468,43-912-2524,,Holborn,$3676.34
55,54-876-4752,London,Potkins,$9323.55
3641,02-991-7067,New York,Kupper,$9224.50
464,95-172-9741,toKyo,Giorgielli,$604.88
63468,56-181-6152,NY,Ingall,$1191.13
255,27-597-8081,New York,Stabler,$1726.25
253,41-992-7479,Tokyo,Anniwell,$934.56
2554,92-503-3485,london,MacAlester,$4791.97
6963,96-850-0284,toKyo,Yemm,
3546,50-136-2295,London,Le Brom,$4971.08
963,55-875-4712,New York,Feak,$5616.37
2554,83-816-4885,London,Perrigo,$2997.63
63468,26-564-0644,toKyo,Pavlov,$3037.72
2554,98-924-2033,toKyo,Haken,$6514.69
6963,12-895-5346,Paris,Moon,$6677.49
55,79-986-4110,Paris,Iaduccelli,$1157.11
3566,33-399-0808,NY,Seamarke,$1606.89
3542,92-331-5096,Tokyo,Bothwell,$5262.21
63468,24-545-3486,london,Rodwell,$6007.25
255,10-407-4050,toKyo,Pettko,$4653.06
1336,15-963-9046,New York,Rimour,$4340.16
3542,39-084-8559,toKyo,Godfrey,$3262.99
3641,72-644-2910,New York,Melmoth,$5015.70
1336,61-711-5681,toKyo,Dumbar,$1623.71
464,50-155-5273,London,Hillitt,$6405.04
55,66-082-7374,Tokyo,Follen,$5319.32
1336,47-848-4848,New York,Shalliker,$9630.03
255,75-156-7092,toKyo,Marder,$6716.23
458,97-362-3506,Paris,Gravett,$3806.13
3641,74-209-5656,Tokyo,Courage,$5586.18
35465,09-924-5507,New York,Benettelli,$8704.80
46213,67-537-7422,london,Carah,$6711.46
253,63-029-8804,New York,Wallman,$8425.06
458,23-784-4557,Tokyo,Sweett,$2166.89
3546,53-929-1452,New York,Traut,$3006.50
1336,70-174-4804,toKyo,Liggens,$5354.78
1336,76-821-4898,london,Germaine,$9876.24
2554,86-314-7930,New York,Whyler,$9040.91
255,66-376-6754,Paris,Drakeley,$3016.74
253,86-630-9091,New York,Burdge,$7803.36
1235,20-301-3807,New York,Snipe,$9641.94
46213,55-112-9882,Tokyo,Blunsen,$8018.57
35465,34-701-5107,Paris,Milthorpe,$1394.28
3641,48-023-7668,Tokyo,Nockells,$5431.09
35465,17-461-2331,New York,Gieves,$5496.77
253,08-555-3540,toKyo,Mabbs,$2913.51
2554,08-113-2181,toKyo,Chapling,$2889.37
1235,91-655-6173,NY,McIlwreath,$3484.31
1336,36-855-5906,Tokyo,Gentsch,$840.43
253,76-249-7994,New York,Yanson,$4903.77
2554,16-712-0649,london,Bache,$8520.12
963,80-332-2280,New York,De Malchar,$841.39
963,36-373-6708,london,Sketh,$8967.84
253,27-970-4816,NY,Carwithan,$3375.52
3641,54-750-8150,Tokyo,Kenryd,$8583.52
55,57-534-0552,Tokyo,McCrone,$9564.81
2554,15-141-7230,New York,McKerton,$9484.71
464,06-191-4491,Paris,Rawstorne,$4637.25
68545,85-992-8608,New York,Bullus,$1201.24
963,30-928-9955,Tokyo,Matushenko,$1698.11
1336,12-264-9047,Tokyo,Wheeliker,$4594.97
35465,33-629-5497,Paris,Shimoni,$5369.28
963,06-980-8180,Paris,Waggatt,$3823.07
255,52-523-2658,New York,Taber,$997.72
3566,18-731-3126,toKyo,Rablin,$5398.98
3641,95-671-5198,NY,Olyonov,$8432.84
1235,19-388-4614,london,Wohlers,$5907.22
963,29-225-4189,toKyo,Skiplorne,$1182.74
3566,98-469-2437,London,Massy,$4781.71
963,82-549-2770,Tokyo,Rugieri,$5976.22
3641,78-309-5397,New York,Bour,$635.79
2554,65-540-7961,Paris,Kibblewhite,$5448.12
1336,46-742-4660,NY,Keggins,$5472.53
513,62-827-8320,New York,Bliss,$9224.51
1336,56-806-9041,Tokyo,Laker,$5524.40
63468,04-600-4279,New York,Basler,$1076.06
3641,72-735-5998,toKyo,Ropartz,$4606.80
55,74-118-9168,Paris,Starzaker,$1743.39
3641,87-148-5056,toKyo,Bocke,$9699.18
1235,08-296-4518,toKyo,Beckers,$3007.85
464,83-713-4907,New York,Guiel,$1883.89
2554,96-627-8142,New York,Gippes,$5877.62
35465,03-113-9954,NY,Vina,$9959.66
35465,01-941-8191,Paris,Hollow,$6204.44
464,34-836-8182,Paris,Janu,$5107.62
35465,29-981-0322,london,Collen,$3650.70
3641,98-981-6728,toKyo,McGreil,$4156.05
6963,30-428-6796,Tokyo,Fruish,$1960.78
3566,90-456-5759,London,Leggat,$9508.70
464,92-593-9180,london,Lawrenz,$2637.81
3641,22-555-8853,London,Pietrowicz,$3861.41
963,32-490-1264,Paris,Friedlos,$1259.88
464,23-967-9299,Paris,Wenham,$4136.66
3542,67-653-0270,Paris,Dunbobbin,$4110.93
63468,94-868-5754,NY,Jakeway,$1421.17
1235,45-261-0102,NY,Pepper,$6544.54
464,65-936-3017,Paris,Frampton,$3694.35
68545,06-060-5870,New York,Whimp,$8004.79
55,01-269-3787,london,Merigon,$2644.11
464,07-433-4414,Tokyo,Carlos,$3401.21
1336,52-774-2611,Tokyo,Formilli,$1365.55
1336,43-639-5237,Tokyo,Lamberton,$6481.69
255,20-923-0766,New York,Polly,$9973.79
963,00-841-7984,London,Jeannin,$5436.37
1235,25-420-6177,Tokyo,Yockney,$1261.46
3546,65-176-0921,London,Osipov,$6592.86
963,01-714-6852,NY,McKerton,
513,89-059-1613,NY,Burry,$1916.12
1235,69-003-5177,london,Sonner,$3336.94
458,54-091-4685,Tokyo,Miklem,
6963,18-645-3373,NY,Ackrill,$5488.51
255,70-359-6701,Tokyo,Smither,$7123.17
46213,46-297-3699,NY,Spaunton,$9028.04
46213,66-173-5158,Paris,Whatman,$9478.75
3542,35-199-7511,London,Selby,$820.08
458,04-307-1220,Tokyo,Hamnett,$9935.28
3546,71-603-8780,London,Kumaar,$6580.64
63468,06-802-4652,London,Gullifant,$9378.50
253,08-914-9354,Tokyo,Klisch,
513,16-337-0883,toKyo,Waything,$4531.88
1336,85-497-6138,NY,Bonass,$9545.18
6963,79-020-8244,NY,Wailes,$921.61
253,58-022-9200,New York,Matteuzzi,$2167.60
3546,77-648-2733,Paris,Mark,$4593.37
458,34-968-7837,Tokyo,Woodwind,$8626.01
35465,49-910-2544,london,Ventris,$9160.65
3542,64-311-3044,New York,Phizackarley,$8526.15
2554,83-713-3134,London,Rennebeck,$2438.76
963,93-185-2633,Paris,Salsbury,$2949.01
63468,99-046-6643,New York,Bloomfield,$6323.89
6963,92-388-3509,london,Eastbrook,$6823.58
3566,83-032-2642,Tokyo,Shallcross,$3908.58
1336,01-838-3284,NY,Edlin,$9163.81
63468,77-619-5110,toKyo,Krysiak,$8484.40
1235,94-569-3042,NY,Cattow,$6938.26
46213,08-143-6904,toKyo,Lowman,$8931.89
464,68-648-3572,London,Fewkes,$5176.22
3641,10-597-9415,NY,Clawley,$2979.29
3546,12-917-8938,NY,Maccrae,$6448.36
458,38-597-2251,NY,Schimek,$8333.92
3641,15-135-8405,Paris,Tryhorn,$818.53
1235,14-230-6241,london,Slainey,$6788.47
255,27-655-7710,New York,Glendza,$6325.91
464,68-858-7982,London,Gribbell,$7747.74
963,35-940-6056,London,Cicculini,$8979.33
1336,42-235-1265,NY,Stovold,$7809.37
1336,58-704-6320,London,Caston,$7415.78
3546,14-219-9136,Paris,Renahan,$1602.41
35465,57-996-1270,New York,Braniff,$696.61
255,42-305-1096,Paris,Doudny,$4824.62
3566,68-841-0952,NY,Ramelot,$8536.69
55,84-468-2052,Paris,Burnsides,$9297.53
253,98-368-1300,london,Dunkinson,$1156.08
3542,12-751-2132,london,Zecchii,$7749.11
2554,34-107-0199,london,Hairyes,$3532.04
68545,63-662-1504,Tokyo,Koenen,$4671.18
3566,91-510-7389,toKyo,Woodburn,$7565.96
3641,48-359-4845,NY,Ellph,$3834.29
255,15-399-0604,Tokyo,Cowins,$4027.39
55,67-616-5840,toKyo,Volante,$4666.71
3566,48-427-8944,Paris,Studd,$6101.26
253,31-879-0631,london,Royall,$7703.01
513,47-553-4372,London,Hancox,$690.37
3641,75-259-7926,London,Caley,$7941.70
35465,92-332-8654,Paris,Thickett,$9698.76
3542,51-632-0620,london,Niave,$8651.73
55,91-986-0773,NY,Doodson,$2917.06
3641,49-877-7289,London,Endon,$9435.55
2554,61-126-9454,toKyo,Clampett,$2719.65
68545,33-560-6087,toKyo,McIver,$1599.39
1235,56-137-9031,london,Riccardelli,$1581.30
68545,27-924-4231,london,Ivashnikov,$4009.71
55,76-735-1332,NY,Lotwich,$9597.12
464,11-404-4202,Tokyo,Reimer,$693.06
513,45-665-6198,Paris,Errichelli,$6277.13
253,60-338-1973,london,Wheal,$7018.64
68545,49-826-5263,london,Reiners,$4695.91
68545,91-986-1882,NY,Molian,$8808.72
46213,39-513-6349,london,Donahue,$1982.74
55,12-832-3479,Tokyo,Stotherfield,$4322.03
458,82-833-5160,NY,Stonner,$1012.10
1235,67-037-7720,New York,Everett,$2019.98
3546,31-220-9148,NY,Marner,$6028.74
1235,66-093-5020,toKyo,Allberry,$3173.28
3546,09-700-9677,New York,Friman,$4856.36
1336,35-549-2306,toKyo,Snoding,$7892.62
55,74-833-5728,New York,Youens,$6591.39
55,74-430-1064,Paris,Hambright,$5307.95
1235,07-336-5547,Tokyo,Voak,$4566.36
3542,29-355-9426,Paris,Futcher,$3574.19
458,52-598-2892,Tokyo,Grahlmans,$2910.28
68545,38-759-8605,toKyo,Ende,$1612.93
35465,00-513-9704,Paris,Button,$8539.88
513,29-599-1061,Paris,Llewhellin,$4607.27
55,34-991-1630,New York,Lindfors,$9861.09
458,45-682-0225,Paris,Divell,$9523.97
35465,02-903-3523,Paris,Knaggs,$3168.83
963,23-014-5733,New York,Humphries,$9112.69
3542,08-273-9965,New York,Aymeric,$8382.15
2554,73-383-0169,Tokyo,Olivello,$9079.89
513,30-443-7527,London,Marples,$3160.21
55,46-500-1575,New York,Fairbrass,
35465,51-394-9107,London,Gianni,$8335.77
458,09-108-2638,Tokyo,Forrester,$2379.31
3641,04-372-0463,toKyo,Arbor,$4339.56
963,36-146-0139,NY,Espada,$1882.66
3566,99-508-0916,Tokyo,Ower,$5316.93
255,16-909-7770,London,Tregust,$3777.85
464,35-298-7735,london,Wilsee,$1104.28
253,06-608-4445,Tokyo,McLorinan,$9091.03
255,70-832-0412,london,Bagshaw,$3623.10
513,06-873-6964,London,Derisly,$5558.23
1235,54-039-2978,NY,Manford,$915.57
255,52-590-6119,toKyo,Geale,$2674.89
464,39-584-0513,Paris,Thomesson,
46213,37-200-5731,NY,Blowick,$9412.96
1235,69-103-3441,toKyo,Fusedale,$2534.94
3546,46-780-7805,London,Dummigan,$2782.43
3566,45-167-2402,toKyo,Toohey,$7918.51
1235,90-198-4307,Tokyo,Francke,$1345.76
513,65-505-8933,NY,McNair,$1637.48
55,07-813-9571,London,Spalding,$930.66
35465,40-628-3387,Paris,Aubury,$8178.77
63468,21-243-7487,london,Mattiuzzi,$5077.56
2554,59-454-9863,Paris,Scallon,$7601.60
253,58-391-6392,toKyo,Reiner,
2554,05-310-9750,,Philipeau,$5765.81
3546,54-831-3519,Paris,Clemenzi,$8069.05
55,08-005-8320,Tokyo,Johann,$3361.09
3641,35-507-5801,london,Zorzetti,$6000.93
3542,57-814-2510,london,Kupka,$8299.97
3542,66-060-5398,Paris,Barthelet,
35465,94-144-0906,New York,Ascraft,$2166.77
2554,87-410-7946,London,Portis,$7293.52
253,45-449-3595,New York,Handlin,$2135.67
253,14-985-7984,toKyo,Raffles,$848.88
3546,46-657-8661,Tokyo,Crosfeld,$4570.20
3566,53-134-9395,Tokyo,Drogan,$8626.35
253,14-818-3865,Tokyo,Paver,$3603.12
55,27-084-6472,Tokyo,O'Mannion,$3751.80
55,82-810-0726,New York,Goodoune,$3704.19
2554,37-821-8897,toKyo,Mantle,$5609.70
1336,36-188-6170,NY,Segar,$1642.93
3542,70-858-3134,NY,McBlain,
3566,37-056-8359,London,Eivers,$6282.50
464,46-927-2368,,Sutliff,$5892.64
68545,35-677-1553,London,Kalinsky,$2609.99
35465,63-484-4769,NY,Dowbiggin,$8030.78
1235,93-191-3200,New York,Berg,
6963,11-187-7877,NY,Baise,$3410.12
253,66-227-3349,Tokyo,O'Feeney,$8942.31
3641,90-934-7787,NY,Dumphries,$4766.98
3546,52-380-0702,toKyo,Georgeot,$4680.65
458,56-976-2312,Tokyo,Warboys,$6118.09
63468,70-190-4981,toKyo,Alekhov,$5325.24
55,38-067-2222,London,Naris,$1923.66
963,96-640-0581,New York,Janoschek,$7007.48
2554,24-991-6934,london,Pickover,$9708.94
458,32-446-8061,Tokyo,Gradon,$2052.14
513,63-361-3287,toKyo,Puckham,$5014.27
1336,33-207-3735,toKyo,Ivory,$9525.49
963,41-389-7866,NY,Bockmann,$3735.81
3641,10-547-7505,NY,Kwietak,$9049.84
63468,85-384-0325,toKyo,Ormston,$5892.22
963,69-920-4750,NY,Hagland,$5622.74
255,38-107-7257,toKyo,Tildesley,$7528.24
464,36-295-4897,Tokyo,Benoey,$2203.93
3566,99-212-9963,Tokyo,Latey,$782.34
458,38-947-5861,Paris,Okie,$8067.79
3566,84-343-6192,London,Channon,$5382.04
458,43-708-4186,London,Bleue,$8206.35
3546,98-420-4170,London,Thorby,$7493.35
513,45-669-9262,NY,Smeal,$5911.22
3546,31-733-9129,london,Judron,$5864.55
963,84-848-1950,Paris,Ralling,$9919.46
253,25-007-5171,London,Dougher,$7708.16
1235,15-582-4888,Tokyo,Champniss,$8210.31
458,96-899-1022,London,Elletson,$3795.92
6963,79-921-4445,Paris,Cackett,$6078.57
63468,15-256-2170,Paris,Kinze,$6975.32
35465,30-565-3108,New York,Stanyforth,$6872.56
63468,98-717-5288,Paris,Gotcliff,$1939.41
68545,44-312-9854,NY,Priddey,$3513.68
35465,03-726-9265,london,Duce,$9030.00
35465,52-425-1533,Tokyo,Gillbee,$1613.64
6963,71-596-5287,Tokyo,Mably,$8947.59
68545,83-978-1173,Tokyo,Docherty,$9083.61
63468,35-476-0446,Tokyo,Goundry,$2739.03
63468,85-838-5325,,Keddey,$7952.77
68545,63-482-8614,london,Harling,$5979.08
253,65-529-0818,london,Halesworth,$2128.89
68545,29-143-9915,london,Ayliff,$4439.81
55,11-816-3280,Tokyo,Fleetwood,$4983.65
458,01-183-4353,london,Wilbraham,$8670.06
963,04-646-8068,london,Rappa,$601.20
963,97-314-3644,Paris,Crimpe,$2347.16
46213,45-884-8474,NY,Baruch,$3798.98
1336,48-404-5735,New York,Stolli,$9385.65
255,48-710-7812,New York,Dudliston,$5982.60
6963,24-396-1184,Paris,Francescozzi,$3384.24
2554,20-013-1516,london,Cuff,$2412.46
464,13-900-3814,Tokyo,Archambault,$7270.17
253,02-102-8530,Paris,Peris,$5992.91
3542,03-083-9313,London,Dawidowitz,$8528.78
1235,14-137-2256,New York,Margetts,$8071.78
35465,19-382-6338,Paris,Groucock,$7783.45
63468,07-781-8353,toKyo,Churchard,$7154.69
35465,68-190-9667,New York,Baty,$2139.39
1336,95-999-0727,Tokyo,Jarvie,$1708.92
35465,38-253-5183,london,Diver,$8544.90
3566,12-542-2549,,Blondelle,$9965.66
55,35-818-8060,Tokyo,Persey,$3322.59
2554,13-365-4098,toKyo,Weall,$5687.51
253,41-429-2709,toKyo,Hissett,
963,90-189-0665,New York,Pettie,$5153.82
3641,02-037-5206,Tokyo,Astles,$6317.96
1235,36-127-6542,NY,Sharratt,$1133.61
1235,96-659-4837,Tokyo,Demaine,$5351.89
68545,11-039-4412,London,Mattek,$9505.30
46213,06-580-5057,NY,Marzelle,$1445.23
2554,59-901-2789,Tokyo,Kitchingman,$8908.18
63468,80-724-7988,London,Scathard,$7287.38
255,95-084-8188,london,Willcox,$9273.56
2554,80-020-7705,Tokyo,Correa,
46213,95-828-0525,London,Whittlesey,$1272.88
3641,63-968-0981,toKyo,Capaldo,
63468,03-124-2953,toKyo,Rochewell,$5120.88
255,41-502-4315,london,Molder,$4147.37
63468,90-045-1095,Paris,Bountiff,$2785.11
513,48-104-8699,NY,Ryall,$4109.96
963,65-729-3840,Paris,Clouter,$6644.20
35465,87-208-5999,New York,Swaffer,$4135.77
1336,36-679-7745,toKyo,Ast,$1291.35
963,49-100-8069,NY,Denekamp,$2393.19
3641,29-563-8914,London,Asquez,$1377.57
464,81-687-2672,Tokyo,Jakovijevic,
3641,27-664-1380,london,Tander,$6197.96
3566,04-880-0461,London,Kloster,$2598.05
3566,09-659-5813,toKyo,Coole,$5911.81
963,33-978-5767,Tokyo,Pulfer,$8106.40
46213,39-439-0222,Paris,Doughill,$4897.58
68545,95-211-5474,New York,Paulo,$3613.55
3566,87-749-2357,london,Vero,$7412.67
3542,20-258-9540,london,Kristoffersen,$2259.38
46213,57-784-6500,London,Honeyghan,$5518.64
458,80-519-5971,Paris,Tabard,$7600.44
6963,60-186-7767,NY,Macauley,$9918.68
3641,23-592-7405,NY,Isaacs,$7682.34
35465,58-669-8825,Paris,O'Corrigane,$5679.27
1336,00-500-1485,Tokyo,Airs,$5458.14
55,37-504-3104,NY,Pagan,$7636.13
1235,97-253-1073,toKyo,Benezet,$6356.58
55,46-364-7233,toKyo,MacKibbon,$2401.85
6963,47-136-3519,NY,Lowther,$2864.76
68545,11-541-6512,New York,Suttling,$6148.29
513,18-597-6576,Paris,Mason,$5219.47
963,39-282-6272,New York,Thelwll,
3546,81-991-6844,toKyo,Bycraft,$7241.81
3546,89-491-7842,toKyo,Slidders,$5006.32
6963,34-737-5094,toKyo,Bartalin,$950.35
46213,44-857-3861,New York,Klarzynski,$3878.45
63468,71-608-6860,Paris,Vignaux,$2562.85
3542,44-593-9896,london,Thom,$5764.74
255,30-958-6424,NY,Le Grice,$1326.32
3546,45-019-2743,Tokyo,Cawthry,$1660.32
963,88-313-9360,London,Eliff,$4591.70
3542,03-326-8291,London,Orr,$8170.40
513,52-392-1445,london,Wylie,$8303.13
2554,31-854-2599,NY,Polkinhorn,$7107.09
63468,63-550-9284,London,Fancott,$7842.00
255,03-944-0172,NY,Eyers,$5303.13
1336,93-329-9081,New York,Dorning,$3841.07
464,52-367-0319,london,Agglio,$3230.81
255,67-576-6406,London,Hackey,$1742.92
253,22-478-9182,london,Varnals,$3118.61
253,95-820-2639,Tokyo,McPhaden,$695.03
253,66-598-5048,Paris,Godball,$7361.01
513,12-909-4075,London,Boag,$8333.26
253,40-379-1546,london,Branthwaite,$4553.69
963,68-820-4580,Tokyo,Hedlestone,$2425.12
1336,26-718-7630,NY,McTrustam,$7531.21
1336,11-377-7475,NY,Venning,$8160.97
68545,02-951-5003,NY,Tabner,$6220.39
35465,28-633-8990,London,Camp,$9331.80
3641,76-770-8616,Tokyo,Duerden,$5761.79
2554,15-799-0890,toKyo,Synder,$4102.59
35465,90-388-3277,,de Guise,$1208.18
3566,41-145-0332,London,Reubens,$7514.97
3566,40-637-8139,New York,Rentenbeck,$2947.56
513,49-795-7902,Paris,Gowdridge,$5525.78
63468,16-013-1246,Paris,Drieu,$8936.99
2554,26-530-2496,New York,Klaas,$3729.27
255,18-031-9365,London,Braghini,$2116.71
1336,98-784-1961,London,Falcus,$8513.46
1235,08-952-7447,Tokyo,Ayree,$7124.29
35465,71-555-3688,london,Tousy,$8057.92
253,03-515-3790,Tokyo,Sawle,$2406.05
1235,20-217-0876,New York,Leat,$8594.53
68545,87-266-2881,London,Ogden,$6188.57
68545,64-734-9490,New York,Barnish,$2476.88
35465,18-136-3168,New York,Peggram,$9666.04
46213,92-258-8859,Tokyo,Southouse,$2670.79
513,74-798-1358,New York,Doerr,$5524.58
3641,64-595-8774,NY,MacAvddy,$5800.91
464,08-329-5227,london,Hussy,$7347.99
3641,00-127-4254,toKyo,Penman,$2757.82
458,88-335-9999,London,Zecchii,$9361.94
963,69-912-5885,Paris,Wellan,$8724.58
458,04-226-1845,toKyo,Duffil,$5670.69
55,32-802-8811,london,Deighan,$2149.89
513,74-649-5495,Paris,Bream,$7293.97
6963,10-177-6548,London,Shovlin,$4650.53
3641,74-593-8483,toKyo,Laight,$5099.85
458,97-552-9238,NY,Drains,$796.89
2554,77-846-5353,toKyo,Durrington,$2953.27
1336,38-070-8932,Paris,Jagiela,$2174.88
963,49-159-3958,Paris,Mc Dermid,$4888.82
3641,85-344-1340,london,Mattia,$1266.00
35465,95-025-5671,toKyo,Pittham,$1930.32
3542,32-676-4791,London,Allicock,$2271.55
68545,56-637-8219,Tokyo,Bathow,$8472.51
3542,04-193-1471,Tokyo,Milton-White,$5328.15
35465,42-843-7832,Tokyo,Carlone,$5442.25
63468,35-668-4243,Tokyo,Dumbrill,$6239.12
255,87-771-1975,Tokyo,Dainter,$2198.91
464,67-849-7488,london,Cullip,$2738.74
35465,01-979-6505,London,Tzuker,$8259.93
46213,11-958-4957,London,Sheepy,$3062.72
35465,37-958-7979,Paris,Gwatkins,$763.27
2554,26-249-1997,toKyo,Garritley,$8880.04
3546,20-447-7008,Paris,Grzegorek,$7044.90
46213,35-728-2361,Paris,Slimmon,$2253.90
6963,59-927-0862,London,Stradling,$742.76
55,74-853-4577,London,Cleminson,$5233.54
1336,23-132-0800,London,Levermore,$9901.67
68545,50-222-5820,Paris,Jenicek,$5501.65
253,44-783-7551,London,Healings,$7097.17
513,26-000-3223,Tokyo,Hellsdon,$1037.08
68545,80-146-9397,london,Gamell,
458,89-867-7554,New York,Smidmor,$7460.14
3542,53-623-4254,Paris,Sallter,$8879.95
255,85-519-9692,Paris,Olivetta,$9401.48
1336,29-571-7104,london,Hanse,$4683.19
1336,15-691-1513,NY,Laux,$1944.24
464,72-189-6422,toKyo,Sankey,$2051.99
2554,74-312-0782,toKyo,Lowdyane,$9606.44
513,81-611-6101,toKyo,Gillio,$3963.67
253,95-554-8618,London,Pocknell,$2156.87
963,74-982-8324,toKyo,Piris,$3446.33
464,09-208-5838,london,Idale,$9212.91
3542,84-624-3458,New York,Yerbury,$1547.18
63468,19-653-8051,London,Brayfield,$1955.91
458,72-649-4829,NY,Fontanet,$9741.32
63468,68-569-0431,Tokyo,Admans,$3430.45
55,40-016-8410,NY,Ivushkin,$6723.21
2554,48-564-3563,NY,Ksandra,$4768.08
6963,61-995-5623,New York,Faircloth,$1262.52
3546,68-261-2604,Paris,Sappell,$7187.14
1235,90-348-5590,toKyo,Battye,$6001.90
68545,23-297-1574,Tokyo,Yglesia,$2623.53
3641,21-969-7448,,Karpol,
3542,31-919-0291,,Butson,$9614.98
6963,89-933-3707,london,Kirkman,$8394.76
35465,71-674-2401,London,Gentiry,$7695.92
3546,54-889-5746,New York,Doghartie,$7991.75
3542,62-670-4392,Tokyo,Sheen,$1517.16
458,08-462-9287,Paris,Di Carlo,$917.76
46213,31-310-9862,New York,Gillion,$849.36
1235,36-595-3414,Tokyo,Dyster,$3715.46
963,46-402-6161,NY,Blanpein,$852.63
55,96-234-8685,London,Bronot,$9561.06
55,21-603-4266,Tokyo,Codrington,$9896.59
35465,22-744-9373,NY,Doog,$9167.11
464,51-913-9362,Paris,Stutely,$8614.84
35465,22-563-1138,London,Haines,$5821.17
46213,79-559-8464,toKyo,Fallow,$4016.73
464,42-880-4660,Tokyo,Stace,$2640.68
1235,10-993-9227,Paris,Darracott,$959.17
3542,76-018-3325,NY,Nuzzetti,$1103.13
963,23-677-0005,New York,Domeny,$8826.01
253,85-613-2821,Tokyo,Ordelt,$4049.76
35465,95-950-0035,Paris,Knowles,$8171.95
3546,06-026-2142,London,Fittis,$8217.22
46213,70-391-2022,New York,Grima,
1336,56-864-1148,Paris,Middis,$6920.84
464,45-109-8901,,Oller,$7337.24
35465,14-910-9247,Paris,Goldby,$2299.15
3546,32-945-0562,Tokyo,Touret,$5937.75
55,34-074-8698,Paris,Capstaff,
63468,34-350-6640,NY,Serot,$6608.32
6963,26-955-2313,london,Bithany,$814.72
1235,97-862-2302,london,Knill,$4824.58
3641,98-571-4499,toKyo,Overall,$1573.57
1235,10-298-2940,NY,Hollibone,
6963,85-559-7612,New York,Scanterbury,$6822.13
255,11-209-8641,London,Mashro,$6574.89
46213,12-306-3266,London,Sothcott,$5736.55
513,61-099-4220,Paris,Bramich,$1765.85
1235,94-901-2753,Paris,Speechley,$3013.47
55,87-194-0229,NY,Glasheen,$4566.83
68545,77-557-2032,NY,Purry,$5222.51
255,82-347-8686,toKyo,Watkiss,$9709.19
46213,24-316-9174,,Loncaster,$3616.62
464,82-668-0049,toKyo,Skrine,
458,62-379-3106,Paris,Kneaphsey,$9918.52
35465,97-612-0201,NY,Duffree,$1603.00
963,97-498-7184,London,Boskell,$7581.95
963,31-355-9224,London,Bellingham,$6810.00
3641,48-232-1727,New York,Grooby,$8338.45
1336,57-484-2796,NY,Scrogges,$8056.88
464,25-254-9122,NY,Madoc-Jones,$8537.18
46213,25-453-7109,Tokyo,Dennant,$3056.70
458,79-205-5678,Paris,Diamant,$2342.50
963,52-915-5799,NY,Matzke,$7577.21
3566,10-315-9241,london,Gabites,$1188.49
55,95-808-3937,New York,Boodle,$1896.63
3542,16-914-4761,toKyo,Pilling,$7898.11
1235,31-131-3457,NY,Ropp,$4855.21
963,61-112-2797,London,Jenkins,$2367.46
3641,86-997-6260,Tokyo,Mattussevich,$1255.03
2554,56-509-3146,toKyo,Gillyatt,$1716.39
6963,47-186-4654,New York,Hoodspeth,$5745.63
3566,11-532-6104,London,Callum,$4368.92
458,14-065-3585,London,Hugle,$677.65
3641,95-453-0694,Tokyo,Bohea,$3695.97
3542,86-514-8571,Tokyo,O'Hartnedy,$3402.28
3566,88-922-2439,toKyo,Andrin,$1203.01
2554,51-767-5201,london,Crafts,$3683.11
68545,58-477-5798,London,Avery,$5685.40
2554,82-105-2342,Tokyo,Coveney,$2916.62
55,05-226-1014,Paris,Lamberti,$8138.03
6963,94-444-5896,Paris,Rack,$1975.85
46213,71-058-5565,London,Karle,
253,49-552-2536,New York,Yakunikov,$1166.07
55,67-705-4241,NY,Fallon,$6453.94
1235,93-572-0401,NY,Headley,$5500.47
1336,55-708-0142,London,Hanway,$2977.03
3566,94-170-6748,toKyo,Mizzi,$1744.42
55,97-533-5654,london,Matkin,$3171.90
46213,15-187-2758,New York,Bourdice,$1384.46
46213,44-694-8900,london,Locarno,$2364.96
3542,68-686-5525,toKyo,Kiloh,$3771.29
513,25-273-3604,NY,Ingleby,$9974.21
6963,36-870-1747,Paris,Gaine,$4468.75
963,36-484-2130,toKyo,Boor,$960.02
963,13-441-2432,London,Cappel,$8390.96
1336,62-393-5516,toKyo,Pilley,$2289.36
55,58-976-1190,london,Skures,$4237.05
2554,00-718-3089,NY,Raftery,$6767.21
2554,60-380-2130,toKyo,Bernaciak,$6410.60
1336,59-947-7130,NY,Zecchini,$7050.83
464,05-876-5763,toKyo,Bellworthy,$1862.53
68545,38-093-3931,Tokyo,Sweeney,$1603.42
3641,59-950-0460,,Dust,$5279.50
3546,20-090-6850,Paris,Greendale,$5583.53
963,45-248-1144,Paris,Panyer,$7204.51
3641,32-335-9547,toKyo,Isabell,$2429.62
1336,28-581-0629,,Washtell,$4648.34
1235,71-021-5305,toKyo,Cambden,$7500.13
255,43-080-2647,Paris,Ibotson,$9843.63
2554,36-890-6435,New York,Reyes,$2688.94
46213,39-444-5395,New York,Jannaway,$1540.48
63468,65-207-3146,Tokyo,Fallow,$2381.55
464,43-823-2923,NY,Lawles,$8055.70
68545,77-905-6376,Tokyo,Benzies,$4612.37
46213,07-794-9982,NY,Long,$2075.37
253,92-589-8381,New York,Muddiman,$1451.23
1235,06-315-6578,london,Gaitone,$5331.59
68545,67-798-3335,Tokyo,Plaschke,$4482.55
3641,71-028-8250,New York,Putman,$7655.70
3641,84-179-2753,New York,Pringell,$7630.94
63468,72-664-4789,New York,Fenkel,$3911.71
3542,76-739-9783,london,Pottery,$3354.75
3546,12-089-1368,Paris,Jonah,$9635.14
35465,51-755-3911,NY,Stanton,$9117.60
55,24-038-3313,New York,Shillington,$680.85
1235,01-013-9300,Tokyo,Tredget,
6963,85-557-0872,NY,Glander,$6772.48
255,12-748-0392,NY,Petrowsky,$3813.82
3566,97-303-5392,Tokyo,Searson,$1037.58
3542,33-579-3481,NY,Jaycock,$3182.96
6963,08-467-9745,New York,Lehon,$5012.20
3542,58-911-1894,Tokyo,Roslen,$6032.49
55,96-237-9142,London,Ivimy,$1722.31
513,27-120-4239,NY,Weall,$4750.14
253,13-983-9064,toKyo,Miliffe,$5802.87
35465,34-784-2214,New York,Munden,$1377.94
63468,93-514-6629,London,Hessing,$1042.92
46213,67-607-4584,Paris,Porcas,$9359.00
6963,09-187-6552,NY,Rucklesse,$2081.97
2554,60-412-0483,NY,Chastenet,$9227.84
3641,72-255-0580,London,Bottom,$6307.65
6963,56-067-9944,Paris,Bullin,$6164.24
3546,89-197-4082,NY,Sailes,$9048.54
253,27-206-8704,London,McHan,$8480.57
513,11-842-8765,Paris,Errey,$7341.99
63468,54-803-4381,New York,Oldman,$6036.60
3641,11-426-1741,Tokyo,Armatidge,$1264.77
1336,34-136-2012,NY,Tantum,$8587.26
63468,34-795-0003,Paris,Ablewhite,$1309.19
2554,58-467-8961,London,Remer,
2554,83-114-3762,Paris,Ohlsen,$5653.80
1336,72-455-3754,toKyo,Pavel,$716.63
3542,49-363-4650,london,Winney,$4808.64
68545,94-297-9421,New York,Gresswell,$4432.20
464,37-310-7086,NY,Bohlje,$4258.22
464,02-058-2182,london,Lawleff,$7632.71
3566,27-321-4845,Tokyo,Ringer,$3358.25
3641,52-719-5654,Paris,Cadwallader,$4068.78
55,75-067-1683,toKyo,Irving,$6409.00
63468,45-455-7726,Paris,Gowman,$4794.91
1235,68-496-4070,Tokyo,Ferentz,$5342.40
963,00-759-1092,toKyo,Dioniso,$5371.08
3641,61-334-9968,toKyo,Hamley,$5656.33
3542,03-807-2078,Tokyo,Barnewall,$9638.90
63468,13-062-4054,Tokyo,Forri,$5584.94
35465,97-673-8726,Tokyo,Bassingden,
3641,70-010-0145,New York,Cutteridge,$3003.64
513,64-750-6445,London,Rothschild,$2643.83
253,71-220-4195,Tokyo,Ugolini,$2363.08
68545,75-936-3145,New York,McAllister,$5277.74
46213,58-335-4084,NY,MacCurlye,$4124.45
3546,63-267-0886,New York,Dearsley,$3636.51
63468,40-425-0266,toKyo,Keming,$4078.83
35465,68-274-9742,Tokyo,Golightly,$8828.28
63468,96-294-1647,toKyo,Gilpin,$4869.39
513,44-403-5703,Paris,Nares,$9993.95
35465,30-244-8744,toKyo,Ghidini,$9891.53
3546,10-432-2192,toKyo,Haddington,$6469.43
63468,05-302-3813,Tokyo,Yakovlev,$6666.02
513,83-608-0196,NY,Perello,$8316.68
253,79-703-6065,Tokyo,Jansema,$2596.93
46213,16-947-5719,london,Ralling,$1779.97
6963,19-369-3658,toKyo,Castagnasso,$5714.39
963,85-167-3561,New York,Aldren,$9675.19
3566,51-007-5796,New York,Tatlock,$5755.13
35465,88-802-8353,New York,O'Fihillie,$1876.92
3546,29-539-5340,toKyo,Adlard,$5460.77
55,16-169-1117,Paris,Bucke,$8284.00
63468,42-372-9694,toKyo,Trembey,
253,56-871-8573,toKyo,Pidgeley,$4983.43
513,84-383-0382,,Aronowitz,$2256.70
3542,40-626-0570,London,Jakucewicz,$5689.42
3546,53-656-7676,toKyo,Benkhe,$9789.17
1336,73-659-9821,Tokyo,Poytress,$5098.89
513,47-632-3883,London,Stuckey,$3656.16
35465,62-498-7511,london,Mawson,$9224.81
464,40-530-6323,toKyo,Sodeau,$7512.55
458,41-589-5557,london,Toquet,$6102.41
255,01-684-4479,london,Nelm,$9641.98
963,32-081-4434,London,Jeenes,$8586.11
63468,98-048-5566,London,Rendle,$4402.13
68545,55-293-1648,NY,Tidd,$1107.00
458,90-305-0354,london,Seadon,$6770.22
46213,68-637-4003,london,Rainey,$7803.67
458,03-649-0057,London,Long,$6534.72
458,53-608-6084,New York,Jennemann,$4307.70
3566,41-089-6874,toKyo,Sabbin,$3876.82
253,31-365-6818,Paris,O'Fogerty,$8264.61
3641,27-559-1981,Tokyo,Blinckhorne,$1577.65
253,40-211-0324,NY,Vitall,$6403.78
253,95-370-8577,New York,Casino,$8472.03
3641,17-442-8535,london,Myrick,$1614.83
6963,62-841-3655,London,Armstead,$9796.40
253,68-923-4036,New York,Habbon,$1507.73
253,64-745-6991,London,Brimicombe,$7634.72
1235,05-446-9661,NY,Pieracci,$2278.96
1336,58-134-4564,toKyo,Duddy,$3101.04
464,49-509-4254,london,Brader,$2157.32
3542,79-532-7524,Tokyo,Wernher,$7337.01
513,76-367-5075,Tokyo,Fenlon,$988.85
35465,93-762-3572,NY,Bursnell,$1020.09
68545,94-228-9415,New York,Hartzog,$5845.49
46213,92-803-2148,,Bodell,$9861.74
2554,20-370-0480,London,Geipel,$3069.26
35465,44-069-5336,NY,Hamflett,$4170.26
6963,98-073-6595,toKyo,Rizzone,$8603.74
963,71-256-5474,NY,Ligerton,$9244.50
35465,78-002-4464,London,Chipps,$4907.53
68545,79-703-7933,New York,Kobus,$3145.64
3566,26-785-8006,London,Landal,$5880.08
3542,53-630-2582,london,Mewe,$8112.15
464,52-474-1008,Paris,Brace,$9543.15
1336,92-920-0849,Paris,Yarwood,$2818.18
55,72-706-5525,toKyo,Caygill,$3961.78
1336,64-328-7931,New York,Fletcher,$9461.65
3546,98-402-0293,Paris,Martini,$2995.75
3566,80-705-6700,NY,Linstead,$6661.56
3546,22-024-4274,london,Snaddon,$7616.60
513,75-663-2685,toKyo,McIlrath,
6963,06-969-4786,New York,Luckhurst,$9061.83
46213,02-660-7394,London,Marcinkus,$9624.40
458,11-064-6048,NY,Jenman,$9567.20
3641,98-551-6025,London,Oven,$1699.49
464,35-450-3315,toKyo,Cleve,$2710.77
253,05-743-1676,NY,Heinzel,$760.13
3542,37-170-5378,toKyo,Bubb,$6047.41
63468,97-842-5557,NY,Jore,$9479.50
3641,56-030-5079,toKyo,Jiles,$8362.23
1235,65-062-1100,toKyo,Conway,$3072.25
3566,00-955-1477,New York,Freeborn,$9206.55
464,60-279-7417,NY,Rivitt,$1225.42
3641,56-039-8101,london,Timothy,$1064.34
458,30-401-2425,London,Kelsall,$3623.98
253,90-581-2268,NY,Boleyn,$2201.16
63468,26-306-7096,toKyo,Flaune,$8466.67
55,00-203-7826,toKyo,Sivorn,$2774.31
3566,96-357-2539,Tokyo,Glascott,$9869.07
458,43-501-6675,Tokyo,Jovey,$6938.16
3542,73-849-8555,London,Labet,$2463.73
1235,45-946-4620,toKyo,Kiernan,$6355.09
253,03-486-0454,,Danko,$8638.35
963,07-206-0067,toKyo,Baughn,$9731.57
6963,58-132-1103,London,Scritch,$5852.37
3566,18-580-7286,London,Mallalieu,$7482.85
513,65-599-4026,london,Exon,$3266.48
255,50-671-3964,Paris,Volker,$2115.23
2554,53-372-3375,toKyo,Parman,
513,25-160-9584,london,Harden,$6251.84
255,37-135-5560,London,Arr,$839.35
3542,21-204-1647,Paris,Ratnage,$734.69
55,81-078-4120,london,Deboick,$2291.86
3546,55-103-1517,London,Valerius,$6564.08
464,32-489-2306,New York,Aguirrezabal,$4385.57
35465,74-770-9686,london,Hubbold,$2801.61
458,86-445-6164,toKyo,Alban,$7795.78
3542,03-004-4010,london,Pryke,$3353.28
464,18-109-7438,New York,Blofeld,$7815.39
1336,34-654-9890,london,Spincke,$2355.74
35465,31-654-6652,Paris,Wise,$5090.38
3641,12-672-0707,Tokyo,Mardall,$8987.50
513,54-243-9578,Paris,de Courcey,$4699.93
963,88-122-7982,london,Perico,$5817.56
3566,75-075-0239,london,Sproston,$615.18
3546,41-841-9903,NY,Lindwall,$6801.47
35465,63-948-5962,toKyo,Wood,$5138.20
35465,70-943-0243,Paris,Guisot,$7950.73
46213,77-900-3480,NY,Mustin,$2903.90
63468,41-289-6003,toKyo,Hailwood,$9948.45
253,53-188-1729,London,Spere,$987.39
6963,47-299-0288,NY,Lebel,$4017.85
3566,30-754-5793,London,Rayson,$7653.80
513,40-349-0390,london,Pilling,$3191.29
55,84-171-4537,london,Lathaye,$6469.88
68545,58-729-3889,New York,Glanton,
3641,54-573-8159,NY,Sweatland,$9727.85
1336,83-318-6263,NY,Tolworthie,$7755.71
46213,59-040-6464,Tokyo,Wash,$5766.38
458,48-739-2329,london,Alderton,$2356.49
35465,72-442-5349,Paris,Payne,$1350.49
963,09-745-4644,toKyo,Bowhay,$4497.83
1235,11-105-0059,NY,Causley,$9746.21
3566,77-901-3878,Paris,Clayson,$7297.65
464,58-140-3914,London,Plaster,$5701.46
3542,82-380-7087,toKyo,Dearnly,$9320.30
253,28-629-8477,New York,Bartlomiej,$2111.03
464,10-058-2744,New York,Menis,$8200.56
963,60-224-2146,London,Southernwood,$9492.50
513,80-222-5106,NY,Farncomb,$3731.80
3546,64-196-2156,Tokyo,McCourtie,$7343.39
3641,32-304-7586,,Talkington,$2424.31
68545,80-766-4253,London,Gersam,$7255.33
458,10-327-6158,London,Cayley,$936.71
46213,01-905-5830,toKyo,Witul,$3950.61
1336,29-463-8848,toKyo,Benezeit,$9163.79
963,75-800-9349,NY,Isack,$9714.58
55,60-681-0948,london,Gullivan,$4322.86
63468,89-576-5565,Tokyo,Mattholie,
963,02-678-3615,London,Yelyashev,$5330.42
464,43-152-4751,New York,Kowal,$2317.45
513,56-006-1198,New York,Gadault,$9472.03
63468,84-459-7627,Tokyo,Claworth,$849.87
253,29-138-6509,New York,Surguine,$9453.05
513,35-256-3205,NY,Twinbourne,$8668.97
2554,46-791-2897,london,Lobb,$1929.42
458,07-701-3919,NY,Firbanks,$3086.78
6963,53-980-5802,New York,Watsham,$8599.93
1235,77-023-4598,Tokyo,Hunn,$9188.60
1336,77-285-4731,Paris,Coster,$6794.73
3542,93-257-7703,NY,Grishinov,$8595.53
464,03-114-3967,New York,Eidelman,$1823.19
458,47-158-0223,london,Faraday,$4126.19
3566,74-910-4198,Paris,Grumley,$1938.61
963,56-560-1509,toKyo,Janc,$1479.50
3546,21-903-4771,Tokyo,Tripney,$1183.06
3542,40-743-8899,london,Fitzsimons,$1368.23
255,90-726-4671,Tokyo,Foakes,$8216.42
464,83-737-3006,London,Dawe,$5605.61
3542,68-825-6764,New York,Joselovitch,$3071.72
253,11-675-1126,Paris,Meert,$6757.52
63468,59-265-2002,london,Crum,$8805.60
46213,49-600-6033,london,MacFarlan,$785.93
3641,76-764-2224,london,Aubery,$2056.25
1336,52-214-7020,London,Quipp,$9074.92
3566,14-822-2975,London,Stormont,$956.39
68545,00-356-9518,New York,Mushet,$8933.85
46213,15-230-9125,london,Dasent,$3866.67
46213,98-279-6370,New York,Belfield,$4996.97
3641,06-832-4858,London,Pierce,$3565.38
68545,05-679-1801,Tokyo,Yatman,$4851.39
63468,58-325-5168,London,Wellings,$9160.62
3546,45-320-5529,Tokyo,Leopold,
1235,33-734-0930,Tokyo,Smalecombe,$1066.52
63468,80-359-2950,Tokyo,Ghidotti,$1978.01
458,17-664-5929,Tokyo,Titterell,$6184.64
55,53-959-3883,NY,Molan,$6360.15
3566,76-092-1184,London,Luckham,$3350.82
253,63-586-8769,New York,Skippon,$6458.79
55,39-516-0732,London,Bacchus,$6898.32
3641,27-033-8899,london,Merriman,
63468,70-035-0880,NY,Kreber,$2963.23
3542,13-618-7784,London,Shackle,$7454.24
3546,98-831-4040,NY,Durtnall,$7356.52
3641,95-321-2028,New York,Christon,$9005.80
1235,12-392-2080,Tokyo,Haskell,
3641,61-265-1761,london,Thumnel,$3014.11
3566,49-860-8406,London,Jago,$4193.24
35465,47-897-9599,Tokyo,Griffiths,$5715.65
963,62-994-1504,Paris,Valentine,$9277.93
464,21-052-3160,New York,Jull,$4581.62
35465,12-077-6848,London,Neild,$2254.65
2554,48-952-2503,London,Minard,$9149.13
46213,19-455-7815,london,Loughead,$6141.95
513,39-331-5964,New York,Vereker,$1697.05
68545,90-983-5392,Paris,Fazan,$9536.19
1235,94-964-7228,NY,Cote,$8933.30
55,59-971-5119,london,Menilove,
35465,14-143-1173,Paris,Angliss,$9325.49
255,70-758-9776,London,Blakiston,$2318.49
46213,69-228-8796,Tokyo,Duchesne,$785.30
68545,17-104-0408,New York,Marczyk,$3985.88
3546,66-319-2081,toKyo,Sawer,$3411.00
2554,80-141-8187,toKyo,de Almeida,$7006.88
1336,66-493-0690,Paris,Trussler,$9714.32
35465,84-169-6926,Tokyo,Pflieger,$4895.30
458,30-481-6870,Tokyo,Burburough,$1160.45
255,88-873-3373,New York,Itschakov,$2294.32
1235,58-962-1359,Paris,Shoubridge,$6919.54
1336,65-724-9214,london,Keenan,$9806.09
1336,04-089-9732,Paris,Tear,$9428.02
255,69-680-9658,Paris,Guage,$3472.66
46213,33-425-8540,London,Pindred,$3704.67
3542,58-937-8725,Paris,Wilhelmy,$7744.99
963,81-554-8307,toKyo,Streetley,$7671.51
6963,03-802-7023,NY,Butterley,$8482.93
68545,44-839-4350,london,Bengtsson,$9352.42
55,59-126-1071,toKyo,Bohl,$2719.63
63468,56-173-0290,NY,Augar,$4394.32
255,72-970-5895,New York,Brine,$2951.53
513,09-004-5352,London,Burnapp,$2187.56
3542,33-023-9446,New York,Rickertsen,$969.65
1336,94-605-1768,london,Osorio,$1600.22
55,81-198-7199,toKyo,Mote,$1991.08
2554,07-178-0307,New York,Labbe,$3495.31
35465,93-199-8200,NY,Stirton,$6063.16
464,59-346-3741,toKyo,Cleveley,$2753.26
55,78-838-4038,New York,Sabbatier,$8527.41
458,81-290-0896,london,Gornar,$6933.00
1235,44-281-8670,Paris,Allwood,$6269.18
253,48-087-7227,toKyo,Demeza,$2391.75
963,67-713-6634,London,Toffler,$712.37
513,11-857-3181,New York,McGroarty,$4023.78
1336,85-890-9923,london,Bake,$2941.92
6963,25-967-6332,NY,Daens,$8909.20
255,69-766-4613,NY,Rubinovitch,$7265.53
68545,60-646-1174,London,Brabon,$3867.61
963,35-264-1712,toKyo,Pattillo,$1219.45
1336,10-125-3753,Tokyo,Paskins,$7432.29
35465,40-444-1750,NY,Langran,$7079.46
464,64-001-1467,Paris,Habbergham,$9136.02
2554,59-036-3239,toKyo,Cripin,$6960.03
3641,14-988-0806,london,Batchelor,$9033.96
513,93-247-4668,toKyo,Buttner,$8646.39
3566,72-814-6690,london,Turfs,$3510.85
963,61-995-1207,Paris,Hildrew,$2770.69
255,21-472-1747,London,Arnely,$9491.16
458,27-985-2615,london,Swanbourne,$2010.89
2554,88-946-9196,toKyo,Healings,$4951.16
255,73-054-0961,Tokyo,Iannazzi,$6314.70
253,25-145-3111,London,Semark,$4434.47
63468,98-341-6890,london,Broz,$8406.53
253,98-888-7903,toKyo,Meth,$5792.28
63468,88-177-0330,NY,Minter,$2679.29
3566,44-900-9031,London,Camier,$9378.05
6963,06-535-6090,Paris,Claisse,$9893.80
464,64-990-4001,london,Popeley,$3079.64
35465,38-113-4901,toKyo,Smail,$7389.47
464,12-184-1089,london,Jeandel,$8191.75
2554,86-897-8437,Tokyo,Egdell,$4984.93
1336,56-349-3522,toKyo,Ingliss,$7666.36
513,43-112-0197,Paris,MacGorman,$5802.41
513,52-844-4463,Paris,Raith,$1371.96
55,82-343-8909,toKyo,Letch,$2738.23
35465,28-837-3356,Paris,Mugglestone,$6329.98
35465,75-881-4209,New York,Lowndesbrough,$7533.21
513,93-026-6956,Paris,Domnick,$4719.97
2554,97-039-9506,toKyo,Berthome,$5864.29
458,38-966-3059,Paris,Kochlin,$2999.03
2554,92-726-8324,London,Skea,$5271.63
464,39-291-7779,Paris,Mordanti,$4015.37
464,37-991-6515,New York,Scotchbourouge,$4468.24
6963,90-879-3748,London,McReedy,$3838.65
253,78-342-0818,London,Plante,$4942.56
6963,94-025-9858,London,Liverseege,$4665.76
46213,38-810-2026,Paris,Crocombe,$3974.16
35465,81-474-1506,London,Manuely,$5362.38
2554,11-057-0502,NY,Thackray,$9165.00
253,95-194-7094,toKyo,McGarahan,$6905.59
963,83-712-8404,NY,Melsome,$3111.93
6963,47-636-1571,London,Tydd,$920.94
46213,90-746-4280,toKyo,Vye,$9550.23
35465,41-942-5315,london,Dicky,$8917.87
464,55-003-4974,NY,Boddy,$9324.32
63468,53-774-7212,toKyo,Tenbrug,
1235,99-217-2455,toKyo,Hellier,$8620.35
3542,06-470-7654,london,Mignot,$7320.84
458,28-645-6171,toKyo,Pleavin,$1524.06
3641,00-727-6115,london,Larrington,$5440.88
464,47-111-4916,Paris,O'Sherrin,$4961.85
46213,76-259-3065,New York,Lanfranconi,$1537.10
46213,29-363-5927,london,Applewhaite,$1970.98
963,54-717-6257,NY,Meehan,$1414.49
3546,09-084-0142,London,Delmonti,$9100.34
513,86-162-7920,toKyo,Geaney,$4677.84
3641,94-946-5499,london,Hewertson,$4617.92
963,15-160-9819,New York,Firsby,$7324.55
458,54-211-7586,london,Ainley,$8790.59
513,19-554-4070,Paris,MacCahey,$3251.23
46213,69-309-9808,Paris,O'Neary,$8677.29
55,60-725-1342,London,Hilland,$3215.90
46213,47-915-9946,Tokyo,Odegaard,$2180.95
513,44-617-7126,toKyo,Kilshaw,$8350.64
68545,54-163-2760,New York,Lynskey,$613.08
1336,75-835-6362,Tokyo,Batistelli,$4855.57
68545,07-937-9451,New York,Amberson,$4003.00
46213,20-044-2833,Paris,Gandrich,$4820.47
253,41-970-0610,NY,Skellen,$9157.92
55,73-137-6446,NY,Le Brun,$6503.60
458,06-419-6870,toKyo,Klyner,$988.43
253,24-145-2249,NY,Leinweber,$2820.63
253,29-220-6667,Tokyo,Iacovini,$2843.65
55,59-102-9279,Tokyo,Itschakov,$1485.17
68545,59-380-6958,London,Yerrell,$825.98
513,44-447-7675,Paris,Hughes,$3537.85
513,72-920-3379,Tokyo,Hebborne,$9116.12
513,09-081-4503,Tokyo,Menauteau,$4281.74
255,69-319-4804,New York,Bon,$2958.03
1235,90-339-3245,New York,Gwin,$8011.31
3546,74-293-9074,london,Ghion,$6744.33
35465,63-822-5193,New York,Barlthrop,$9439.41
464,00-214-3429,Tokyo,Duesberry,$5867.12
3566,04-536-0343,NY,Middleditch,$4029.33
253,74-979-0371,Paris,Ramelot,$931.45
46213,98-523-0820,toKyo,Halmkin,
963,59-004-9205,,Devenish,$7944.00
6963,18-025-1179,Tokyo,Bohman,$2115.46
2554,72-601-9116,london,MacKenny,$4371.28
6963,47-882-5165,london,Thys,$5978.83
963,50-597-9973,NY,Gimert,$1799.90
6963,50-621-8530,toKyo,Minucci,$2898.49
55,94-983-5236,NY,Bartoszewski,$4122.82
63468,89-922-3286,Paris,Bygott,$8643.53
55,24-207-6489,New York,Hudspith,$7864.78
35465,13-808-5915,London,Gibbings,$6508.48
464,10-918-7224,Paris,Gallimore,$8180.84
1336,98-406-6059,NY,Pencost,$4773.74
513,57-777-2228,toKyo,Rappport,$6530.60
2554,64-223-7339,Tokyo,Vosper,$4191.92
3641,27-505-5185,Tokyo,Leat,$621.32
1336,76-583-2576,NY,Pilch,
963,88-983-2590,Paris,Loudyan,
1235,51-849-8307,Tokyo,Cornwall,$5219.51
3546,75-311-6522,london,Sheara,$4333.48
464,91-339-1611,NY,Skilbeck,$6090.36
255,54-949-0621,Paris,Benedicte,
55,27-631-7663,Tokyo,Rushforth,$7415.09
2554,07-103-6143,london,Moorhead,$4621.61
253,96-205-8027,New York,Fullstone,$4173.09
255,04-492-2504,New York,Buckler,$9328.16
255,92-841-8874,London,Flohard,$1446.53
513,34-219-1789,Tokyo,McNess,$9895.83
255,86-501-7492,Tokyo,Cubuzzi,$624.66
963,91-870-0873,London,Ormiston,$7011.84
2554,89-647-7567,London,Woodus,$7707.46
458,40-694-1984,Paris,Oldfield,$5632.69
35465,19-940-1541,NY,Humberston,$9013.14
253,75-751-7916,New York,Mollene,
1235,44-048-7714,Paris,Murdie,$1497.68
255,40-079-0674,NY,Horwell,$8952.13
255,52-478-9571,New York,Grimsdike,$9833.20
3641,50-574-4391,toKyo,Santhouse,$6191.41
2554,88-840-5133,London,Inchboard,$4437.66
68545,29-895-7096,london,McVitty,$5365.76
963,59-600-5297,Paris,Cobbledick,$8031.87
255,01-365-0350,Tokyo,Philbrick,$5688.01
3542,64-110-5376,toKyo,Chastney,$6453.22
963,70-568-8231,toKyo,Winslow,$6062.99
1235,51-374-2971,New York,Catterson,$7260.33
513,90-174-8877,london,Mapledoram,$1244.46
55,48-867-0920,london,McHan,$2047.17
3542,75-996-3381,toKyo,Metherell,$8674.83
963,06-706-0055,toKyo,Wharrier,
1336,13-814-5790,NY,Paxeford,$9624.37
1235,79-125-0516,New York,Roach,$8103.38
63468,47-629-8680,New York,Steffens,$6111.94
513,64-808-2210,Paris,Lytlle,$5391.27
458,46-393-5705,Paris,Babin,$5778.92
253,01-958-4084,NY,Lacase,$4446.31
3641,45-589-9721,london,Wescott,
35465,04-634-5192,NY,Cogzell,$2693.03
35465,59-060-8066,Paris,Haversham,$2101.83
963,53-095-7388,Tokyo,Naptine,$5983.63
464,17-570-4764,New York,Mulleary,$961.18
2554,61-923-0929,toKyo,Beaman,$2903.88
35465,87-393-9012,london,Carling,$2259.75
963,23-683-7895,London,Casbon,$1419.96
253,01-158-0729,London,Grimsditch,$4166.48
3542,86-145-4711,london,Heinert,$2914.21
1336,44-114-2115,London,Castello,$9605.01
2554,97-332-2681,toKyo,Kernaghan,$9640.50
513,80-150-3187,,Brackenbury,$3305.94
35465,05-272-0913,toKyo,Skelbeck,$1570.04
255,80-503-8922,NY,Jiruca,$3306.86
963,96-222-8160,Paris,Willows,$5100.44
1336,37-170-2744,Tokyo,Morse,$837.90
63468,48-678-9156,Tokyo,Doncom,$1782.30
1235,73-793-9478,london,Noddle,$6156.25
1235,68-141-5386,NY,Hinder,$3060.36
68545,10-696-5753,Paris,Janowski,$1771.87
1336,07-649-0494,New York,Fulham,$8007.78
55,50-589-4223,Paris,Messam,$659.78
63468,82-141-0639,London,Pestridge,$2359.46
35465,05-016-5544,Paris,Spenclay,$9842.23
3641,78-742-8809,NY,Alexander,$4199.53
3542,57-289-0428,Tokyo,Windress,$3149.03
68545,21-815-1470,london,Lardiner,$8143.27
46213,19-880-8926,toKyo,Keen,$1477.54
1336,38-807-7927,London,Slinn,$1107.62
464,56-075-4754,Tokyo,Sirey,$2977.33
6963,26-016-1723,toKyo,Down,$1631.83
513,08-393-7629,toKyo,Ritter,$6859.42
63468,70-330-7491,NY,Kamien,$4062.24
3641,37-945-8749,London,Pickover,$2097.93
464,84-788-7259,Tokyo,Littleproud,$2211.34
3641,37-056-2363,New York,Iacobini,$9663.55
63468,62-629-5794,New York,Whelband,$2762.73
6963,61-772-4578,toKyo,Creany,$1164.08
3542,41-800-6477,London,Haster,$3117.50
1235,41-317-7293,New York,Bolden,$1004.78
3566,04-891-0586,london,Gulston,$2788.72
6963,31-309-7723,toKyo,Tomenson,$3113.63
46213,38-143-5691,london,Elijahu,$8166.82
253,72-853-4177,NY,Yallowley,$1539.83
3641,16-582-9322,Tokyo,Hunday,$6136.99
3542,44-857-7503,london,Abramovicz,$5445.72
1235,05-652-4782,london,Crain,$6011.76
458,51-810-8670,NY,Bottrill,$2868.60
35465,03-857-9526,london,Cubbit,$3000.05
68545,97-482-5515,NY,Dudden,$8887.74
1235,70-332-5506,london,Bicheno,$8679.78
255,31-921-8119,toKyo,Hanlon,
1336,99-870-0385,Paris,Howard,
3542,12-532-3212,London,McGarahan,$9003.00
513,54-429-6415,New York,Deveral,$3200.63
68545,38-194-2699,london,Wythe,$9014.82
464,90-779-8454,Paris,Tomkin,$9216.89
513,74-588-0741,New York,Strain,$7248.07
464,49-183-1695,NY,Jacqueme,$9171.58
55,49-777-8420,Paris,Grocock,$8195.40
3542,94-658-1585,toKyo,Rhelton,$2307.80
963,87-108-8868,New York,Benjafield,$8272.57
513,43-202-4632,London,Jaspar,$7778.96
1235,41-965-7038,toKyo,Snare,$7700.56
464,72-894-7056,NY,Simeons,$4769.03
68545,15-797-3637,New York,Van Eeden,$2320.46
63468,98-960-9317,Tokyo,Seth,$9343.08
963,63-182-9843,toKyo,Swanson,
35465,82-376-8525,Paris,Strutt,$6005.75
6963,60-154-7988,toKyo,Biers,$5943.39
3542,90-244-4842,london,Batters,$1914.85
55,23-129-1841,New York,Borchardt,$4853.63
3641,69-946-8883,london,Lafoy,$9531.87
2554,14-982-5393,Paris,Drew,$3030.46
458,51-262-7282,New York,Raggles,$7308.82
6963,82-948-1297,london,Pullen,$687.20
3641,56-682-9205,NY,Lorand,$7640.30
2554,55-033-4729,NY,Laurencot,$2997.10
3542,49-045-0169,Paris,Ruggles,$4410.15
3542,41-747-2537,NY,Beall,$9027.47
68545,48-544-1085,toKyo,Camelia,$1426.50
963,84-586-0563,Tokyo,Walak,$2531.13
68545,88-005-9899,toKyo,Sauvage,$817.92
3641,97-412-8309,Tokyo,Mayhow,$6576.20
3641,12-815-5299,,Nuth,$4475.72
3641,99-259-8542,Tokyo,McCombe,$4776.46
3641,80-434-1274,London,Knowling,$2732.05
3542,41-490-1105,london,Ginity,$7476.53
3546,35-576-8411,Paris,Paunsford,$2148.75
513,86-649-7387,Tokyo,Noon,$1103.73
513,33-957-6533,Tokyo,Dayne,$5090.28
3566,84-497-6942,toKyo,Coslett,$7691.45
464,95-253-4008,london,FitzGibbon,$9023.21
464,79-265-4433,london,Glavis,$4015.86
1336,45-149-0567,Paris,Govier,$5502.55
46213,03-048-2673,London,Larroway,$8652.42
255,78-393-4197,Tokyo,McCrudden,$1525.98
35465,68-806-1380,Paris,Caddies,$6241.47
464,21-924-6399,Paris,Besant,$5846.41
55,29-167-0423,toKyo,Abrahami,$3926.71
464,29-856-8876,Tokyo,Dowson,
55,32-079-0326,New York,Cullingworth,$5963.76
3566,39-578-1223,NY,Whelpton,$8158.86
3542,88-165-8640,toKyo,Houlahan,$953.03
68545,07-549-5628,NY,Dumphry,$5947.71
63468,10-096-3477,Paris,Tudball,$6644.11
1336,87-518-1910,London,Alleburton,$1199.42
1336,00-616-9276,Paris,Drakard,$5440.89
55,11-426-0807,Paris,Ughi,$6142.89
253,65-338-5410,NY,Kerswill,$3814.81
3641,12-690-8840,Tokyo,Eagles,$9824.78
63468,39-926-7747,London,Manus,$5834.71
458,56-053-3906,Paris,Fruser,$1892.31
3566,61-575-4916,toKyo,Lanmeid,$8913.85
464,92-232-4214,london,Lindenman,$6671.63
55,72-824-5612,NY,Babbidge,$6437.26
255,19-990-0257,New York,Massel,$5938.33
464,79-663-3506,london,Wither,$6138.58
63468,05-348-7821,Tokyo,Devinn,$967.30
68545,46-608-6444,Paris,Gooch,$5294.08
46213,53-856-3792,toKyo,Vischi,$7952.32
6963,31-189-1857,Paris,Murthwaite,$7342.94
464,41-212-8815,toKyo,Seeborne,$5820.64
2554,09-156-5193,Paris,Vinker,$6740.92
1336,39-616-9871,London,Spratling,$9442.43
3546,15-600-8666,London,Martynka,$7118.99
1336,55-289-8933,London,Kersley,$7234.35
6963,82-871-4724,New York,Mitchinson,$1308.12
46213,50-378-6878,Tokyo,Hambleton,$2876.14
458,73-413-4693,London,Lowrey,$7121.62
458,60-151-0819,london,Mattiazzi,$3802.92
458,21-247-3826,New York,Stewartson,$2475.33
255,93-375-7110,NY,McCuffie,$5025.53
1336,74-327-1876,Tokyo,Gilling,$4615.56
3566,29-886-4030,New York,Dewey,$3786.49
458,33-888-7157,Tokyo,Molohan,$8376.49
458,92-090-8838,Tokyo,Pundy,$9768.56
3542,08-576-7642,New York,Blower,$933.58
68545,56-407-2139,Paris,Clementel,$8250.07
1336,63-398-7955,NY,Airs,$7307.18
46213,12-624-6400,New York,Veracruysse,$8324.04
3542,49-503-6040,NY,Hanne,$1715.26
3542,74-419-8824,London,Carless,$2447.77
464,60-353-3855,Tokyo,Orta,$2939.43
55,10-158-4171,London,Velden,$818.27
513,66-940-8318,New York,Bretherick,$5832.86
255,17-391-1219,London,Althorpe,$5377.03
1336,94-150-2843,toKyo,Lighton,$1641.50
2554,04-131-2069,Tokyo,Hallgath,$9679.99
464,72-262-2766,Paris,Charrington,$6137.32
963,57-185-4571,NY,Dawes,$6036.05
3641,18-484-5156,London,Sheehan,$4610.89
35465,86-962-4928,london,Nazair,$7620.62
255,48-876-7870,toKyo,Fechnie,$8567.58
3641,74-639-3400,NY,Depper,$9105.56
55,90-302-4547,Tokyo,Rewcassell,$4391.32
68545,86-552-8456,Paris,de Mendoza,$2101.30
2554,49-285-7427,Tokyo,Dell Casa,$4722.50
253,23-098-4832,Tokyo,Bourchier,$9258.81
2554,59-037-3660,New York,Jarmaine,$6706.74
464,83-422-8016,Paris,Aldins,$9948.85
55,43-773-4395,NY,Backen,$1975.13
1336,10-219-8337,London,Korf,$2640.36
3546,86-390-3125,toKyo,Brodnecke,$5627.44
458,12-283-1251,Tokyo,Revens,$2153.96
2554,18-037-3124,New York,Beining,$4469.34
3641,60-287-8950,london,Luetkemeyer,$4915.06
6963,53-986-2092,Paris,Hudghton,$2053.23
3542,29-956-1360,Tokyo,Struis,$2870.61
63468,56-744-4767,london,Vigrass,$3074.65
458,19-893-0231,,Sebert,$6943.95
63468,02-199-7332,NY,De Ath,$2772.21
464,29-560-1298,New York,Galpen,$7549.04
6963,38-892-2434,London,Chorley,$5347.39
3546,75-021-7686,london,Neilan,$1838.40
464,28-148-3065,toKyo,Pires,$4452.61
63468,77-083-1089,Tokyo,Kleisle,$7226.08
55,37-446-1959,London,Jepps,$2292.13
458,20-982-2462,London,Liversage,$7868.41
2554,60-065-5444,London,Kermon,$7960.52
255,09-693-8974,New York,Moon,$6486.26
253,75-118-9059,toKyo,Maltman,$9139.75
55,15-660-9170,NY,Peerless,
963,38-659-0981,New York,Spratt,$3011.20
46213,86-937-3891,toKyo,Ridges,$2391.28
458,51-438-1516,Tokyo,Walne,
2554,40-572-2970,toKyo,Skeat,$9060.63
963,06-634-2701,NY,Lathey,$3144.96
35465,71-952-7518,New York,Burgill,$7873.49
513,60-174-0148,New York,Sparrow,$3389.71
464,72-281-4188,toKyo,Greir,$1130.42
458,73-717-8077,London,Pietrowicz,$9451.50
255,02-385-7633,London,Brigginshaw,$5547.89
513,41-337-5335,toKyo,LAbbet,$6934.26
2554,77-509-4806,NY,Farnham,$4304.20
3542,45-986-3545,Tokyo,Lighton,$4021.58
35465,94-104-4140,NY,Jeal,$5615.06
35465,56-361-5578,toKyo,Arnall,$3278.61
963,37-416-7976,Paris,Atkinson,$8463.94
6963,32-295-0526,toKyo,Axford,$6474.57
255,16-968-4838,New York,Cathcart,$9571.80
464,35-191-9940,London,Edleston,$3399.56
253,40-422-1362,toKyo,Behrendsen,$739.60
68545,07-623-2578,toKyo,Porter,$765.13
255,12-096-6374,Paris,Pressman,$5743.68
513,96-141-2207,toKyo,Studders,$4263.72
255,62-030-4734,Tokyo,Maffioletti,$5647.39
255,16-475-5389,,Canete,$8208.78
3546,48-003-2866,london,Pastor,$8289.19
68545,70-359-6789,london,Breakspear,$7190.83
63468,97-830-5879,NY,St Angel,$9683.75
3641,65-816-3610,New York,Tinson,$4646.08
458,39-964-7890,Paris,O'Hickee,$5295.68
464,94-169-1501,london,Vila,$9681.04
46213,24-295-5829,Paris,Dael,$5338.39
3542,24-178-5127,London,Colebourn,$3438.31
1235,08-405-3904,toKyo,Snaddin,$3105.69
1235,32-692-8632,london,Solland,$2438.32
3542,39-357-0546,NY,Aneley,$3193.36
35465,48-213-8447,Paris,Harvard,$9698.78
1336,12-250-5129,NY,Crichten,$3363.44
255,62-420-3800,London,Matuszinski,$9467.55
3546,63-088-3960,Tokyo,Dingate,$6199.76
3546,53-671-1059,london,Leeke,$9629.41
253,73-157-1985,,Cotton,$8065.59
1235,34-986-2507,NY,Ible,$6612.38
513,91-573-6971,Tokyo,Pask,$4127.35
513,76-846-2364,,Britch,$7414.29
255,54-826-0784,,Martinovsky,$6539.23
6963,50-180-5044,Tokyo,Voas,$8489.11
3566,13-298-6619,New York,Luckings,$5972.77
2554,18-952-4686,,Dreelan,$3314.59
464,85-397-5414,Tokyo,Ethersey,$4297.82
253,91-104-4255,toKyo,Balkwill,$2287.14
3566,53-834-9050,Paris,Hansom,
35465,79-536-2564,toKyo,Moroney,$8563.06
63468,84-903-9880,NY,Jenoure,$6799.09
68545,54-853-5943,London,Lorrimer,$9794.18
253,37-519-3663,Paris,Bertomieu,$3185.66
3546,61-190-7204,New York,Botright,$3216.68
3546,14-811-8774,london,Bilston,$9661.95
68545,81-334-7986,NY,Wickliffe,$1791.90
63468,57-863-1979,toKyo,Sywell,$6507.41
255,79-543-9179,New York,Fretwell,$4208.08
2554,07-942-8960,toKyo,Gomes,$8109.28
253,62-111-1394,NY,Monkton,$7225.09
55,42-214-4853,NY,Wormald,$4092.33
253,20-135-9127,New York,Ilchuk,$1659.34
68545,39-877-0619,london,Deble,$8072.56
253,05-565-7913,toKyo,Maggiori,$6408.73
63468,08-108-1444,Paris,Brigshaw,$2386.69
963,74-385-6001,Paris,Heers,$1355.07
3641,18-758-5039,NY,Algie,$5011.39
35465,73-249-0689,toKyo,Flatman,$3516.26
464,89-021-3251,New York,Pigott,$3406.76
513,12-667-1519,london,Aldiss,$2288.60
46213,63-539-0642,New York,Sommers,$3862.96
3542,14-291-8941,London,Kollasch,$8499.21
3566,90-598-8625,London,Shaefer,$2520.89
513,05-377-2875,Paris,Feander,$4867.22
458,79-450-8746,NY,Budcock,$2853.16
1235,27-725-7538,NY,Ulster,$6171.80
35465,68-253-0877,toKyo,Spraberry,$3456.33
1336,20-907-4703,toKyo,Boyan,$919.25
3546,60-562-3104,Paris,Chasteney,$3310.52
1235,55-409-7856,toKyo,Andrea,$3166.47
63468,49-097-9579,New York,Whalley,$6422.12
3566,48-272-0768,Tokyo,Copping,$7573.88
255,46-711-9323,Paris,Antonietti,$2258.86
3542,23-635-2890,NY,Georgelin,$1754.20
3542,14-795-4953,London,Bigrigg,$5992.03
63468,73-993-8362,Paris,Rozet,$9063.31
458,07-325-5740,Tokyo,Keilty,$8855.39
3546,76-680-4583,New York,Hoy,$6231.78
3542,32-756-8580,NY,Almeida,$8898.93
513,18-144-5641,Tokyo,Cronshaw,$6360.59
253,15-825-5984,toKyo,Harrison,$6774.30
3566,62-628-4801,london,Habin,$7880.25
3641,90-034-6580,toKyo,Starie,$5319.39
6963,32-313-8244,Tokyo,Eudall,$6496.84
46213,86-399-2765,New York,Skillett,$5818.41
3566,65-348-7789,Paris,Standbrook,$2117.51
3542,94-121-4682,london,Cestard,$9097.95
1336,93-548-0675,toKyo,Gerholz,$8832.40
1336,71-805-3890,NY,Jayne,$6106.31
458,30-877-3535,toKyo,Orwin,$2608.65
513,03-630-7369,Paris,Vampouille,$9796.36
255,31-809-6103,london,Borborough,$3282.84
55,55-779-3151,Tokyo,Jefford,$2096.35
458,27-337-0462,New York,Newstead,$4790.35
3546,21-660-7190,Tokyo,Schade,$4507.17
55,46-273-2682,Tokyo,Espadas,$2121.65
46213,58-145-3125,london,Pontefract,$837.76
55,80-130-5679,london,Bielfeld,$4934.76
963,27-583-3699,toKyo,Llewelly,$7222.42
46213,78-035-5103,NY,Swancott,$2295.81
63468,49-324-7473,London,Cavendish,$8846.73
6963,41-643-6072,London,Timmes,$4343.09
255,96-443-1771,NY,Heinssen,$1291.76
3566,42-098-5046,NY,Garnam,$9191.80
63468,62-280-3446,New York,Karpol,$2200.25
253,35-120-0591,Paris,Timpany,$1141.23
68545,48-977-2005,NY,Mariyushkin,$5168.70
46213,03-669-8217,London,Jedrzaszkiewicz,$9210.16
1336,68-950-9391,London,Goody,$8654.04
68545,28-426-3297,NY,Farherty,$6924.79
2554,19-580-3385,toKyo,Cargo,$4447.12
46213,66-327-1571,NY,Shortcliffe,$1968.48
3566,15-094-4072,NY,Shaves,$3731.45
513,18-991-2310,London,Shannon,$2604.39
3542,65-654-8134,NY,Tooze,$9737.57
6963,56-951-3504,Tokyo,Yedall,$8833.02
464,30-721-0150,london,Gallichan,$3485.13
6963,08-507-1845,NY,Lalevee,$1887.26
458,24-142-5688,Tokyo,Ajsik,$7823.39
63468,48-712-1260,Paris,Mansfield,$3125.89
513,04-193-9544,Paris,Corcoran,$6684.98
3566,80-741-0584,london,Waliszewski,$3643.44
3566,22-201-1464,New York,Spataro,$8386.74
3546,84-994-5612,London,Melmeth,$7538.31
255,85-740-0261,London,Thorburn,$6543.80
6963,56-072-6329,London,Highway,$2020.33
3566,13-745-6465,NY,Lantuffe,$689.55
1235,71-428-6037,Tokyo,McCreary,$1356.75
464,15-212-9861,toKyo,Simenot,$1647.75
3641,55-343-1974,NY,Spir,$7499.04
35465,65-067-3030,London,Hessay,$6936.69
963,44-006-9237,London,Attrie,$7124.34
1336,91-808-3170,Tokyo,Minnette,$5073.59
253,18-384-2018,London,Langsdon,$4942.57
1336,25-550-5780,london,Steckings,$3116.03
513,72-200-9218,Tokyo,Gladdis,$8114.79
3546,58-601-8760,london,Cornilli,$3485.46
3566,33-991-3010,New York,Fleg,$2663.07
3542,61-636-1916,London,Barritt,$6201.94
3546,04-529-1476,london,Fullagar,$8831.77
464,17-274-1634,NY,Glanfield,
3542,58-456-3098,toKyo,Redgewell,$1766.54
35465,11-530-2712,Paris,Gaynes,$2345.55
513,30-090-2430,NY,Muskett,$4292.28
68545,11-157-3164,New York,McGahy,$674.03
3566,80-157-7424,London,Colquite,$4810.47
3566,81-620-0659,toKyo,Bickell,$6467.48
3546,36-198-9831,NY,Vannet,$9721.69
35465,16-192-0641,London,Stoner,$3259.00
963,65-657-9339,toKyo,Jagg,
55,27-039-7776,Paris,Kareman,$5461.99
458,33-196-7316,Paris,Skoyles,$5547.12
68545,19-919-1856,london,Geale,$2072.71
464,58-222-9869,NY,Simoncelli,$8906.35
6963,53-242-7200,london,Bees,$841.47
3641,76-926-9315,New York,Speers,$5728.13
63468,11-997-7580,NY,Kield,$5864.44
3546,26-734-7168,New York,Biggins,$7199.40
1336,68-950-9391,London,Goody,$8654.04
68545,28-426-3297,NY,Farherty,$6924.79
2554,19-580-3385,toKyo,Cargo,$4447.12
46213,66-327-1571,NY,Shortcliffe,$1968.48
3566,15-094-4072,NY,Shaves,$3731.45
513,18-991-2310,London,Shannon,$2604.39
3542,65-654-8134,NY,Tooze,$9737.57
6963,56-951-3504,Tokyo,Yedall,$8833.02
464,30-721-0150,london,Gallichan,$3485.13
6963,08-507-1845,NY,Lalevee,$1887.26
458,24-142-5688,Tokyo,Ajsik,$7823.39
63468,48-712-1260,Paris,Mansfield,$3125.89
513,04-193-9544,Paris,Corcoran,$6684.98
3566,80-741-0584,london,Waliszewski,$3643.44
3566,22-201-1464,New York,Spataro,$8386.74
3546,84-994-5612,London,Melmeth,$7538.31
255,85-740-0261,London,Thorburn,$6543.80
6963,56-072-6329,London,Highway,$2020.33
3566,13-745-6465,NY,Lantuffe,$689.55
1235,71-428-6037,Tokyo,McCreary,$1356.75
464,15-212-9861,toKyo,Simenot,$1647.75
3641,55-343-1974,NY,Spir,$7499.04
35465,65-067-3030,London,Hessay,$6936.69
963,44-006-9237,London,Attrie,$7124.34
1336,91-808-3170,Tokyo,Minnette,$5073.59
253,18-384-2018,London,Langsdon,$4942.57
1336,25-550-5780,london,Steckings,$3116.03
513,72-200-9218,Tokyo,Gladdis,$8114.79
3546,58-601-8760,london,Cornilli,$3485.46
3566,33-991-3010,New York,Fleg,$2663.07
3542,61-636-1916,London,Barritt,$6201.94
3546,04-529-1476,london,Fullagar,$8831.77
464,17-274-1634,NY,Glanfield,
3542,58-456-3098,toKyo,Redgewell,$1766.54
35465,11-530-2712,Paris,Gaynes,$2345.55
513,30-090-2430,NY,Muskett,$4292.28
68545,11-157-3164,New York,McGahy,$674.03
3566,80-157-7424,London,Colquite,$4810.47
3566,81-620-0659,toKyo,Bickell,$6467.48